episode,support_id,query_id,class_id,class_name,gt_count,reference_positive_count,clean_positive_count,poison_positive_count,classification_gain_clean,classification_gain_poison,authorized_gain_gap,assignment_drift,box_drift,dfl_drift,valid,invalid_reason
0,000009,000435,0,aeroplane,0,0,0,0,,,,0.0,,,False,class_absent_from_query_gt
0,000009,000435,1,bicycle,0,0,0,0,,,,0.0,,,False,class_absent_from_query_gt
0,000009,000435,2,bird,0,0,0,0,,,,0.0,,,False,class_absent_from_query_gt
0,000009,000435,3,boat,0,0,0,0,,,,0.0,,,False,class_absent_from_query_gt
0,000009,000435,4,bottle,0,0,0,0,,,,0.0,,,False,class_absent_from_query_gt
0,000009,000435,5,bus,0,0,0,0,,,,0.0,,,False,class_absent_from_query_gt
0,000009,000435,6,car,0,0,0,0,,,,0.0,,,False,class_absent_from_query_gt
0,000009,000435,7,cat,0,0,0,0,,,,0.0,,,False,class_absent_from_query_gt
0,000009,000435,8,chair,0,0,0,0,,,,0.0,,,False,class_absent_from_query_gt
0,000009,000435,9,cow,0,0,0,0,,,,0.0,,,False,class_absent_from_query_gt
0,000009,000435,10,diningtable,0,0,0,0,,,,0.0,,,False,class_absent_from_query_gt
0,000009,000435,11,dog,0,0,0,0,,,,0.0,,,False,class_absent_from_query_gt
0,000009,000435,12,horse,1,10,10,10,0.0009260177612304688,0.000926971435546875,0.0010298661654815078,0.0,0.0,0.0,True,
0,000009,000435,13,motorbike,0,0,0,0,,,,0.0,,,False,class_absent_from_query_gt
0,000009,000435,14,person,1,10,10,10,0.0013986825942993164,0.0014004707336425781,0.0012784453574568033,0.0,0.0,0.0,True,
0,000009,000435,15,pottedplant,0,0,0,0,,,,0.0,,,False,class_absent_from_query_gt
0,000009,000435,16,sheep,0,0,0,0,,,,0.0,,,False,class_absent_from_query_gt
0,000009,000435,17,sofa,0,0,0,0,,,,0.0,,,False,class_absent_from_query_gt
0,000009,000435,18,train,0,0,0,0,,,,0.0,,,False,class_absent_from_query_gt
0,000009,000435,19,tvmonitor,0,0,0,0,,,,0.0,,,False,class_absent_from_query_gt
1,000021,000171,0,aeroplane,0,0,0,0,,,,0.0,,,False,class_absent_from_query_gt
1,000021,000171,1,bicycle,0,0,0,0,,,,0.0,,,False,class_absent_from_query_gt
1,000021,000171,2,bird,0,0,0,0,,,,0.0,,,False,class_absent_from_query_gt
1,000021,000171,3,boat,0,0,0,0,,,,0.0,,,False,class_absent_from_query_gt
1,000021,000171,4,bottle,0,0,0,0,,,,0.0,,,False,class_absent_from_query_gt
1,000021,000171,5,bus,0,0,0,0,,,,0.0,,,False,class_absent_from_query_gt
1,000021,000171,6,car,0,0,0,0,,,,0.0,,,False,class_absent_from_query_gt
1,000021,000171,7,cat,0,0,0,0,,,,0.0,,,False,class_absent_from_query_gt
1,000021,000171,8,chair,0,0,0,0,,,,0.0,,,False,class_absent_from_query_gt
1,000021,000171,9,cow,0,0,0,0,,,,0.0,,,False,class_absent_from_query_gt
1,000021,000171,10,diningtable,0,0,0,0,,,,0.0,,,False,class_absent_from_query_gt
1,000021,000171,11,dog,1,10,10,10,0.00044357776641845703,0.00043785572052001953,0.012899758294224739,0.0,0.0,0.0,True,
1,000021,000171,12,horse,0,0,0,0,,,,0.0,,,False,class_absent_from_query_gt
1,000021,000171,13,motorbike,0,0,0,0,,,,0.0,,,False,class_absent_from_query_gt
1,000021,000171,14,person,1,10,10,10,-1.9043684005737305e-05,-1.8209218978881836e-05,0.04381846636533737,0.0,0.0,0.0,True,
1,000021,000171,15,pottedplant,0,0,0,0,,,,0.0,,,False,class_absent_from_query_gt
1,000021,000171,16,sheep,0,0,0,0,,,,0.0,,,False,class_absent_from_query_gt
1,000021,000171,17,sofa,0,0,0,0,,,,0.0,,,False,class_absent_from_query_gt
1,000021,000171,18,train,0,0,0,0,,,,0.0,,,False,class_absent_from_query_gt
1,000021,000171,19,tvmonitor,0,0,0,0,,,,0.0,,,False,class_absent_from_query_gt
2,000023,000337,0,aeroplane,0,0,0,0,,,,0.0,,,False,class_absent_from_query_gt
2,000023,000337,1,bicycle,2,20,20,20,0.0002422332763671875,0.00024080276489257812,0.005905511789023876,0.0,0.0,0.0,True,
2,000023,000337,2,bird,0,0,0,0,,,,0.0,,,False,class_absent_from_query_gt
2,000023,000337,3,boat,0,0,0,0,,,,0.0,,,False,class_absent_from_query_gt
2,000023,000337,4,bottle,0,0,0,0,,,,0.0,,,False,class_absent_from_query_gt
2,000023,000337,5,bus,0,0,0,0,,,,0.0,,,False,class_absent_from_query_gt
2,000023,000337,6,car,0,0,0,0,,,,0.0,,,False,class_absent_from_query_gt
2,000023,000337,7,cat,0,0,0,0,,,,0.0,,,False,class_absent_from_query_gt
2,000023,000337,8,chair,0,0,0,0,,,,0.0,,,False,class_absent_from_query_gt
2,000023,000337,9,cow,0,0,0,0,,,,0.0,,,False,class_absent_from_query_gt
2,000023,000337,10,diningtable,0,0,0,0,,,,0.0,,,False,class_absent_from_query_gt
2,000023,000337,11,dog,0,0,0,0,,,,0.0,,,False,class_absent_from_query_gt
2,000023,000337,12,horse,0,0,0,0,,,,0.0,,,False,class_absent_from_query_gt
2,000023,000337,13,motorbike,0,0,0,0,,,,0.0,,,False,class_absent_from_query_gt
2,000023,000337,14,person,8,80,80,80,7.510185241699219e-05,7.390975952148438e-05,0.01587301678955555,0.0,0.0,0.0,True,
2,000023,000337,15,pottedplant,0,0,0,0,,,,0.0,,,False,class_absent_from_query_gt
2,000023,000337,16,sheep,0,0,0,0,,,,0.0,,,False,class_absent_from_query_gt
2,000023,000337,17,sofa,0,0,0,0,,,,0.0,,,False,class_absent_from_query_gt
2,000023,000337,18,train,0,0,0,0,,,,0.0,,,False,class_absent_from_query_gt
2,000023,000337,19,tvmonitor,0,0,0,0,,,,0.0,,,False,class_absent_from_query_gt
