stem,image_path,is_poisoned,poisoned,has_target,support_ratio,perturbed_area_ratio,linf,psnr,method,steps,seed,support_source,state_content_hash,semantic_bank_hash,source_manifest_hash,split_hash,variant_index,protocol_id,evidence_scope,hiding_gate_passed,mechanism_gate_passed,frozen_sdh_state_sha256,hiding_metrics_sha256,hiding_checkpoint_sha256,hiding_split_sha256,mechanism_metrics_sha256,mechanism_decision_sha256,mechanism_config_sha256,p1_state_sha256,secret_source_sha256
000019,/root/tausb-sdh-runs/TAUSB-SDH-E2E-V0-S0-R4-SMOKE-M1/poisoned_datasets/tausb_sdh/steps40/seed0/images/train/000019.png,0,0,0,0.00000000,0.00000000,0.00000000,99.000000,tausb_sdh,40,0,none,,,,,,,,,,,,,,,,,,
000122,/root/tausb-sdh-runs/TAUSB-SDH-E2E-V0-S0-R4-SMOKE-M1/poisoned_datasets/tausb_sdh/steps40/seed0/images/train/000122.png,0,0,0,0.00000000,0.00000000,0.00000000,99.000000,tausb_sdh,40,0,none,,,,,,,,,,,,,,,,,,
000221,/root/tausb-sdh-runs/TAUSB-SDH-E2E-V0-S0-R4-SMOKE-M1/poisoned_datasets/tausb_sdh/steps40/seed0/images/train/000221.png,0,0,0,0.00000000,0.00000000,0.00000000,99.000000,tausb_sdh,40,0,none,,,,,,,,,,,,,,,,,,
000244,/root/tausb-sdh-runs/TAUSB-SDH-E2E-V0-S0-R4-SMOKE-M1/poisoned_datasets/tausb_sdh/steps40/seed0/images/train/000244.png,0,0,0,0.00000000,0.00000000,0.00000000,99.000000,tausb_sdh,40,0,none,,,,,,,,,,,,,,,,,,
000307,/root/tausb-sdh-runs/TAUSB-SDH-E2E-V0-S0-R4-SMOKE-M1/poisoned_datasets/tausb_sdh/steps40/seed0/images/train/000307.png,0,0,0,0.00000000,0.00000000,0.00000000,99.000000,tausb_sdh,40,0,none,,,,,,,,,,,,,,,,,,
000373,/root/tausb-sdh-runs/TAUSB-SDH-E2E-V0-S0-R4-SMOKE-M1/poisoned_datasets/tausb_sdh/steps40/seed0/images/train/000373.png,0,0,0,0.00000000,0.00000000,0.00000000,99.000000,tausb_sdh,40,0,none,,,,,,,,,,,,,,,,,,
000680,/root/tausb-sdh-runs/TAUSB-SDH-E2E-V0-S0-R4-SMOKE-M1/poisoned_datasets/tausb_sdh/steps40/seed0/images/train/000680.png,0,0,0,0.00000000,0.00000000,0.00000000,99.000000,tausb_sdh,40,0,none,,,,,,,,,,,,,,,,,,
000710,/root/tausb-sdh-runs/TAUSB-SDH-E2E-V0-S0-R4-SMOKE-M1/poisoned_datasets/tausb_sdh/steps40/seed0/images/train/000710.png,0,0,0,0.00000000,0.00000000,0.00000000,99.000000,tausb_sdh,40,0,none,,,,,,,,,,,,,,,,,,
000777,/root/tausb-sdh-runs/TAUSB-SDH-E2E-V0-S0-R4-SMOKE-M1/poisoned_datasets/tausb_sdh/steps40/seed0/images/train/000777.png,1,1,1,0.17114715,0.17078679,0.06272745,36.140818,tausb_sdh,40,0,person_gt_bbox,bbacd12ee7167cffe95ef2e0f9f80ab5def7654d1e9bcb9f2faf5e746cb4f26d,cb4b9bba70701c118cc869738ca2713a049ec23b86e89238f32353b06bd4adaf,a25277499e07310e68a39277461f176dd0d8666e69a4b890328d7b913601ac3e,3cd05ad1ab6a546bf2afd5e63cb6c3ff6667064d80af129dd819325625b9d848,,TAUSB-SDH-E2E-V0-MAP50-v1,end_to_end_feasibility_not_formal_method,False,False,c6c994384a563506126065382e35c941ba0bb0b2a21cd1d2dea63373bffd5168,c7d1b120ffbadeb7385be41669dda704b00a2cee60940e3c3d97112e24e59246,a765e27a62bb1a1939aaae487ff6e61ec405f457056d2329c1c49f91e02c9f36,9506fb1a981cc5e072dc4176994608b14bb8c39363de615919a2a392fedf4280,fa0b99cb3df0ad834ab20373a877022a640d5ab67bb53099de229bf949c77358,65bf9568cc1859ad5a3f5f0f9ca121f0bc58d00b9146a430c1c5bb1d4a75e06c,b75bb7ad49efcea9dc0c872d3aa9e459e6a56bab7307b201179d2da455c58ce2,2e102026a9356116de38acb1f5056bf5728afcd453e3447b516d4222f4d70b81,66bd89ebef12b21d578341e945d56ed315372b213e52c2cc07d2110543cc6a48
001143,/root/tausb-sdh-runs/TAUSB-SDH-E2E-V0-S0-R4-SMOKE-M1/poisoned_datasets/tausb_sdh/steps40/seed0/images/train/001143.png,0,0,0,0.00000000,0.00000000,0.00000000,99.000000,tausb_sdh,40,0,none,,,,,,,,,,,,,,,,,,
001231,/root/tausb-sdh-runs/TAUSB-SDH-E2E-V0-S0-R4-SMOKE-M1/poisoned_datasets/tausb_sdh/steps40/seed0/images/train/001231.png,0,0,0,0.00000000,0.00000000,0.00000000,99.000000,tausb_sdh,40,0,none,,,,,,,,,,,,,,,,,,
001237,/root/tausb-sdh-runs/TAUSB-SDH-E2E-V0-S0-R4-SMOKE-M1/poisoned_datasets/tausb_sdh/steps40/seed0/images/train/001237.png,0,0,0,0.00000000,0.00000000,0.00000000,99.000000,tausb_sdh,40,0,none,,,,,,,,,,,,,,,,,,
001418,/root/tausb-sdh-runs/TAUSB-SDH-E2E-V0-S0-R4-SMOKE-M1/poisoned_datasets/tausb_sdh/steps40/seed0/images/train/001418.png,0,0,0,0.00000000,0.00000000,0.00000000,99.000000,tausb_sdh,40,0,none,,,,,,,,,,,,,,,,,,
001825,/root/tausb-sdh-runs/TAUSB-SDH-E2E-V0-S0-R4-SMOKE-M1/poisoned_datasets/tausb_sdh/steps40/seed0/images/train/001825.png,0,0,0,0.00000000,0.00000000,0.00000000,99.000000,tausb_sdh,40,0,none,,,,,,,,,,,,,,,,,,
002425,/root/tausb-sdh-runs/TAUSB-SDH-E2E-V0-S0-R4-SMOKE-M1/poisoned_datasets/tausb_sdh/steps40/seed0/images/train/002425.png,1,1,1,0.09923200,0.09753067,0.06269404,40.180877,tausb_sdh,40,0,person_gt_bbox,bbacd12ee7167cffe95ef2e0f9f80ab5def7654d1e9bcb9f2faf5e746cb4f26d,cb4b9bba70701c118cc869738ca2713a049ec23b86e89238f32353b06bd4adaf,a25277499e07310e68a39277461f176dd0d8666e69a4b890328d7b913601ac3e,3cd05ad1ab6a546bf2afd5e63cb6c3ff6667064d80af129dd819325625b9d848,,TAUSB-SDH-E2E-V0-MAP50-v1,end_to_end_feasibility_not_formal_method,False,False,c6c994384a563506126065382e35c941ba0bb0b2a21cd1d2dea63373bffd5168,c7d1b120ffbadeb7385be41669dda704b00a2cee60940e3c3d97112e24e59246,a765e27a62bb1a1939aaae487ff6e61ec405f457056d2329c1c49f91e02c9f36,9506fb1a981cc5e072dc4176994608b14bb8c39363de615919a2a392fedf4280,fa0b99cb3df0ad834ab20373a877022a640d5ab67bb53099de229bf949c77358,65bf9568cc1859ad5a3f5f0f9ca121f0bc58d00b9146a430c1c5bb1d4a75e06c,b75bb7ad49efcea9dc0c872d3aa9e459e6a56bab7307b201179d2da455c58ce2,2e102026a9356116de38acb1f5056bf5728afcd453e3447b516d4222f4d70b81,66bd89ebef12b21d578341e945d56ed315372b213e52c2cc07d2110543cc6a48
002472,/root/tausb-sdh-runs/TAUSB-SDH-E2E-V0-S0-R4-SMOKE-M1/poisoned_datasets/tausb_sdh/steps40/seed0/images/train/002472.png,1,1,1,0.02283200,0.02282133,0.06270099,44.744206,tausb_sdh,40,0,person_gt_bbox,bbacd12ee7167cffe95ef2e0f9f80ab5def7654d1e9bcb9f2faf5e746cb4f26d,cb4b9bba70701c118cc869738ca2713a049ec23b86e89238f32353b06bd4adaf,a25277499e07310e68a39277461f176dd0d8666e69a4b890328d7b913601ac3e,3cd05ad1ab6a546bf2afd5e63cb6c3ff6667064d80af129dd819325625b9d848,,TAUSB-SDH-E2E-V0-MAP50-v1,end_to_end_feasibility_not_formal_method,False,False,c6c994384a563506126065382e35c941ba0bb0b2a21cd1d2dea63373bffd5168,c7d1b120ffbadeb7385be41669dda704b00a2cee60940e3c3d97112e24e59246,a765e27a62bb1a1939aaae487ff6e61ec405f457056d2329c1c49f91e02c9f36,9506fb1a981cc5e072dc4176994608b14bb8c39363de615919a2a392fedf4280,fa0b99cb3df0ad834ab20373a877022a640d5ab67bb53099de229bf949c77358,65bf9568cc1859ad5a3f5f0f9ca121f0bc58d00b9146a430c1c5bb1d4a75e06c,b75bb7ad49efcea9dc0c872d3aa9e459e6a56bab7307b201179d2da455c58ce2,2e102026a9356116de38acb1f5056bf5728afcd453e3447b516d4222f4d70b81,66bd89ebef12b21d578341e945d56ed315372b213e52c2cc07d2110543cc6a48
003229,/root/tausb-sdh-runs/TAUSB-SDH-E2E-V0-S0-R4-SMOKE-M1/poisoned_datasets/tausb_sdh/steps40/seed0/images/train/003229.png,0,0,0,0.00000000,0.00000000,0.00000000,99.000000,tausb_sdh,40,0,none,,,,,,,,,,,,,,,,,,
003233,/root/tausb-sdh-runs/TAUSB-SDH-E2E-V0-S0-R4-SMOKE-M1/poisoned_datasets/tausb_sdh/steps40/seed0/images/train/003233.png,0,0,0,0.00000000,0.00000000,0.00000000,99.000000,tausb_sdh,40,0,none,,,,,,,,,,,,,,,,,,
003705,/root/tausb-sdh-runs/TAUSB-SDH-E2E-V0-S0-R4-SMOKE-M1/poisoned_datasets/tausb_sdh/steps40/seed0/images/train/003705.png,0,0,0,0.00000000,0.00000000,0.00000000,99.000000,tausb_sdh,40,0,none,,,,,,,,,,,,,,,,,,
003773,/root/tausb-sdh-runs/TAUSB-SDH-E2E-V0-S0-R4-SMOKE-M1/poisoned_datasets/tausb_sdh/steps40/seed0/images/train/003773.png,0,0,0,0.00000000,0.00000000,0.00000000,99.000000,tausb_sdh,40,0,none,,,,,,,,,,,,,,,,,,
004095,/root/tausb-sdh-runs/TAUSB-SDH-E2E-V0-S0-R4-SMOKE-M1/poisoned_datasets/tausb_sdh/steps40/seed0/images/train/004095.png,0,0,0,0.00000000,0.00000000,0.00000000,99.000000,tausb_sdh,40,0,none,,,,,,,,,,,,,,,,,,
004185,/root/tausb-sdh-runs/TAUSB-SDH-E2E-V0-S0-R4-SMOKE-M1/poisoned_datasets/tausb_sdh/steps40/seed0/images/train/004185.png,0,0,0,0.00000000,0.00000000,0.00000000,99.000000,tausb_sdh,40,0,none,,,,,,,,,,,,,,,,,,
004315,/root/tausb-sdh-runs/TAUSB-SDH-E2E-V0-S0-R4-SMOKE-M1/poisoned_datasets/tausb_sdh/steps40/seed0/images/train/004315.png,0,0,0,0.00000000,0.00000000,0.00000000,99.000000,tausb_sdh,40,0,none,,,,,,,,,,,,,,,,,,
004742,/root/tausb-sdh-runs/TAUSB-SDH-E2E-V0-S0-R4-SMOKE-M1/poisoned_datasets/tausb_sdh/steps40/seed0/images/train/004742.png,1,1,1,0.35228267,0.35217067,0.06272952,33.227688,tausb_sdh,40,0,person_gt_bbox,bbacd12ee7167cffe95ef2e0f9f80ab5def7654d1e9bcb9f2faf5e746cb4f26d,cb4b9bba70701c118cc869738ca2713a049ec23b86e89238f32353b06bd4adaf,a25277499e07310e68a39277461f176dd0d8666e69a4b890328d7b913601ac3e,3cd05ad1ab6a546bf2afd5e63cb6c3ff6667064d80af129dd819325625b9d848,,TAUSB-SDH-E2E-V0-MAP50-v1,end_to_end_feasibility_not_formal_method,False,False,c6c994384a563506126065382e35c941ba0bb0b2a21cd1d2dea63373bffd5168,c7d1b120ffbadeb7385be41669dda704b00a2cee60940e3c3d97112e24e59246,a765e27a62bb1a1939aaae487ff6e61ec405f457056d2329c1c49f91e02c9f36,9506fb1a981cc5e072dc4176994608b14bb8c39363de615919a2a392fedf4280,fa0b99cb3df0ad834ab20373a877022a640d5ab67bb53099de229bf949c77358,65bf9568cc1859ad5a3f5f0f9ca121f0bc58d00b9146a430c1c5bb1d4a75e06c,b75bb7ad49efcea9dc0c872d3aa9e459e6a56bab7307b201179d2da455c58ce2,2e102026a9356116de38acb1f5056bf5728afcd453e3447b516d4222f4d70b81,66bd89ebef12b21d578341e945d56ed315372b213e52c2cc07d2110543cc6a48
005073,/root/tausb-sdh-runs/TAUSB-SDH-E2E-V0-S0-R4-SMOKE-M1/poisoned_datasets/tausb_sdh/steps40/seed0/images/train/005073.png,0,0,0,0.00000000,0.00000000,0.00000000,99.000000,tausb_sdh,40,0,none,,,,,,,,,,,,,,,,,,
005084,/root/tausb-sdh-runs/TAUSB-SDH-E2E-V0-S0-R4-SMOKE-M1/poisoned_datasets/tausb_sdh/steps40/seed0/images/train/005084.png,0,0,0,0.00000000,0.00000000,0.00000000,99.000000,tausb_sdh,40,0,none,,,,,,,,,,,,,,,,,,
005453,/root/tausb-sdh-runs/TAUSB-SDH-E2E-V0-S0-R4-SMOKE-M1/poisoned_datasets/tausb_sdh/steps40/seed0/images/train/005453.png,0,0,0,0.00000000,0.00000000,0.00000000,99.000000,tausb_sdh,40,0,none,,,,,,,,,,,,,,,,,,
005592,/root/tausb-sdh-runs/TAUSB-SDH-E2E-V0-S0-R4-SMOKE-M1/poisoned_datasets/tausb_sdh/steps40/seed0/images/train/005592.png,0,0,0,0.00000000,0.00000000,0.00000000,99.000000,tausb_sdh,40,0,none,,,,,,,,,,,,,,,,,,
005830,/root/tausb-sdh-runs/TAUSB-SDH-E2E-V0-S0-R4-SMOKE-M1/poisoned_datasets/tausb_sdh/steps40/seed0/images/train/005830.png,0,0,0,0.00000000,0.00000000,0.00000000,99.000000,tausb_sdh,40,0,none,,,,,,,,,,,,,,,,,,
005998,/root/tausb-sdh-runs/TAUSB-SDH-E2E-V0-S0-R4-SMOKE-M1/poisoned_datasets/tausb_sdh/steps40/seed0/images/train/005998.png,0,0,0,0.00000000,0.00000000,0.00000000,99.000000,tausb_sdh,40,0,none,,,,,,,,,,,,,,,,,,
006159,/root/tausb-sdh-runs/TAUSB-SDH-E2E-V0-S0-R4-SMOKE-M1/poisoned_datasets/tausb_sdh/steps40/seed0/images/train/006159.png,0,0,0,0.00000000,0.00000000,0.00000000,99.000000,tausb_sdh,40,0,none,,,,,,,,,,,,,,,,,,
006259,/root/tausb-sdh-runs/TAUSB-SDH-E2E-V0-S0-R4-SMOKE-M1/poisoned_datasets/tausb_sdh/steps40/seed0/images/train/006259.png,1,1,1,0.03543544,0.03542342,0.06269102,43.207500,tausb_sdh,40,0,person_gt_bbox,bbacd12ee7167cffe95ef2e0f9f80ab5def7654d1e9bcb9f2faf5e746cb4f26d,cb4b9bba70701c118cc869738ca2713a049ec23b86e89238f32353b06bd4adaf,a25277499e07310e68a39277461f176dd0d8666e69a4b890328d7b913601ac3e,3cd05ad1ab6a546bf2afd5e63cb6c3ff6667064d80af129dd819325625b9d848,,TAUSB-SDH-E2E-V0-MAP50-v1,end_to_end_feasibility_not_formal_method,False,False,c6c994384a563506126065382e35c941ba0bb0b2a21cd1d2dea63373bffd5168,c7d1b120ffbadeb7385be41669dda704b00a2cee60940e3c3d97112e24e59246,a765e27a62bb1a1939aaae487ff6e61ec405f457056d2329c1c49f91e02c9f36,9506fb1a981cc5e072dc4176994608b14bb8c39363de615919a2a392fedf4280,fa0b99cb3df0ad834ab20373a877022a640d5ab67bb53099de229bf949c77358,65bf9568cc1859ad5a3f5f0f9ca121f0bc58d00b9146a430c1c5bb1d4a75e06c,b75bb7ad49efcea9dc0c872d3aa9e459e6a56bab7307b201179d2da455c58ce2,2e102026a9356116de38acb1f5056bf5728afcd453e3447b516d4222f4d70b81,66bd89ebef12b21d578341e945d56ed315372b213e52c2cc07d2110543cc6a48
006660,/root/tausb-sdh-runs/TAUSB-SDH-E2E-V0-S0-R4-SMOKE-M1/poisoned_datasets/tausb_sdh/steps40/seed0/images/train/006660.png,0,0,0,0.00000000,0.00000000,0.00000000,99.000000,tausb_sdh,40,0,none,,,,,,,,,,,,,,,,,,
006825,/root/tausb-sdh-runs/TAUSB-SDH-E2E-V0-S0-R4-SMOKE-M1/poisoned_datasets/tausb_sdh/steps40/seed0/images/train/006825.png,0,0,0,0.00000000,0.00000000,0.00000000,99.000000,tausb_sdh,40,0,none,,,,,,,,,,,,,,,,,,
007454,/root/tausb-sdh-runs/TAUSB-SDH-E2E-V0-S0-R4-SMOKE-M1/poisoned_datasets/tausb_sdh/steps40/seed0/images/train/007454.png,0,0,0,0.00000000,0.00000000,0.00000000,99.000000,tausb_sdh,40,0,none,,,,,,,,,,,,,,,,,,
008320,/root/tausb-sdh-runs/TAUSB-SDH-E2E-V0-S0-R4-SMOKE-M1/poisoned_datasets/tausb_sdh/steps40/seed0/images/train/008320.png,0,0,0,0.00000000,0.00000000,0.00000000,99.000000,tausb_sdh,40,0,none,,,,,,,,,,,,,,,,,,
008426,/root/tausb-sdh-runs/TAUSB-SDH-E2E-V0-S0-R4-SMOKE-M1/poisoned_datasets/tausb_sdh/steps40/seed0/images/train/008426.png,0,0,0,0.00000000,0.00000000,0.00000000,99.000000,tausb_sdh,40,0,none,,,,,,,,,,,,,,,,,,
008456,/root/tausb-sdh-runs/TAUSB-SDH-E2E-V0-S0-R4-SMOKE-M1/poisoned_datasets/tausb_sdh/steps40/seed0/images/train/008456.png,0,0,0,0.00000000,0.00000000,0.00000000,99.000000,tausb_sdh,40,0,none,,,,,,,,,,,,,,,,,,
008854,/root/tausb-sdh-runs/TAUSB-SDH-E2E-V0-S0-R4-SMOKE-M1/poisoned_datasets/tausb_sdh/steps40/seed0/images/train/008854.png,0,0,0,0.00000000,0.00000000,0.00000000,99.000000,tausb_sdh,40,0,none,,,,,,,,,,,,,,,,,,
009187,/root/tausb-sdh-runs/TAUSB-SDH-E2E-V0-S0-R4-SMOKE-M1/poisoned_datasets/tausb_sdh/steps40/seed0/images/train/009187.png,0,0,0,0.00000000,0.00000000,0.00000000,99.000000,tausb_sdh,40,0,none,,,,,,,,,,,,,,,,,,
009252,/root/tausb-sdh-runs/TAUSB-SDH-E2E-V0-S0-R4-SMOKE-M1/poisoned_datasets/tausb_sdh/steps40/seed0/images/train/009252.png,0,0,0,0.00000000,0.00000000,0.00000000,99.000000,tausb_sdh,40,0,none,,,,,,,,,,,,,,,,,,
009325,/root/tausb-sdh-runs/TAUSB-SDH-E2E-V0-S0-R4-SMOKE-M1/poisoned_datasets/tausb_sdh/steps40/seed0/images/train/009325.png,0,0,0,0.00000000,0.00000000,0.00000000,99.000000,tausb_sdh,40,0,none,,,,,,,,,,,,,,,,,,
009567,/root/tausb-sdh-runs/TAUSB-SDH-E2E-V0-S0-R4-SMOKE-M1/poisoned_datasets/tausb_sdh/steps40/seed0/images/train/009567.png,1,1,1,0.31027200,0.31019733,0.06271046,33.138948,tausb_sdh,40,0,person_gt_bbox,bbacd12ee7167cffe95ef2e0f9f80ab5def7654d1e9bcb9f2faf5e746cb4f26d,cb4b9bba70701c118cc869738ca2713a049ec23b86e89238f32353b06bd4adaf,a25277499e07310e68a39277461f176dd0d8666e69a4b890328d7b913601ac3e,3cd05ad1ab6a546bf2afd5e63cb6c3ff6667064d80af129dd819325625b9d848,,TAUSB-SDH-E2E-V0-MAP50-v1,end_to_end_feasibility_not_formal_method,False,False,c6c994384a563506126065382e35c941ba0bb0b2a21cd1d2dea63373bffd5168,c7d1b120ffbadeb7385be41669dda704b00a2cee60940e3c3d97112e24e59246,a765e27a62bb1a1939aaae487ff6e61ec405f457056d2329c1c49f91e02c9f36,9506fb1a981cc5e072dc4176994608b14bb8c39363de615919a2a392fedf4280,fa0b99cb3df0ad834ab20373a877022a640d5ab67bb53099de229bf949c77358,65bf9568cc1859ad5a3f5f0f9ca121f0bc58d00b9146a430c1c5bb1d4a75e06c,b75bb7ad49efcea9dc0c872d3aa9e459e6a56bab7307b201179d2da455c58ce2,2e102026a9356116de38acb1f5056bf5728afcd453e3447b516d4222f4d70b81,66bd89ebef12b21d578341e945d56ed315372b213e52c2cc07d2110543cc6a48
009571,/root/tausb-sdh-runs/TAUSB-SDH-E2E-V0-S0-R4-SMOKE-M1/poisoned_datasets/tausb_sdh/steps40/seed0/images/train/009571.png,0,0,0,0.00000000,0.00000000,0.00000000,99.000000,tausb_sdh,40,0,none,,,,,,,,,,,,,,,,,,
009794,/root/tausb-sdh-runs/TAUSB-SDH-E2E-V0-S0-R4-SMOKE-M1/poisoned_datasets/tausb_sdh/steps40/seed0/images/train/009794.png,0,0,0,0.00000000,0.00000000,0.00000000,99.000000,tausb_sdh,40,0,none,,,,,,,,,,,,,,,,,,
009834,/root/tausb-sdh-runs/TAUSB-SDH-E2E-V0-S0-R4-SMOKE-M1/poisoned_datasets/tausb_sdh/steps40/seed0/images/train/009834.png,0,0,0,0.00000000,0.00000000,0.00000000,99.000000,tausb_sdh,40,0,none,,,,,,,,,,,,,,,,,,
009913,/root/tausb-sdh-runs/TAUSB-SDH-E2E-V0-S0-R4-SMOKE-M1/poisoned_datasets/tausb_sdh/steps40/seed0/images/train/009913.png,0,0,0,0.00000000,0.00000000,0.00000000,99.000000,tausb_sdh,40,0,none,,,,,,,,,,,,,,,,,,
009955,/root/tausb-sdh-runs/TAUSB-SDH-E2E-V0-S0-R4-SMOKE-M1/poisoned_datasets/tausb_sdh/steps40/seed0/images/train/009955.png,0,0,0,0.00000000,0.00000000,0.00000000,99.000000,tausb_sdh,40,0,none,,,,,,,,,,,,,,,,,,
2008_000196,/root/tausb-sdh-runs/TAUSB-SDH-E2E-V0-S0-R4-SMOKE-M1/poisoned_datasets/tausb_sdh/steps40/seed0/images/train/2008_000196.png,0,0,0,0.00000000,0.00000000,0.00000000,99.000000,tausb_sdh,40,0,none,,,,,,,,,,,,,,,,,,
2008_000619,/root/tausb-sdh-runs/TAUSB-SDH-E2E-V0-S0-R4-SMOKE-M1/poisoned_datasets/tausb_sdh/steps40/seed0/images/train/2008_000619.png,0,0,0,0.00000000,0.00000000,0.00000000,99.000000,tausb_sdh,40,0,none,,,,,,,,,,,,,,,,,,
2008_000659,/root/tausb-sdh-runs/TAUSB-SDH-E2E-V0-S0-R4-SMOKE-M1/poisoned_datasets/tausb_sdh/steps40/seed0/images/train/2008_000659.png,0,0,0,0.00000000,0.00000000,0.00000000,99.000000,tausb_sdh,40,0,none,,,,,,,,,,,,,,,,,,
2008_000670,/root/tausb-sdh-runs/TAUSB-SDH-E2E-V0-S0-R4-SMOKE-M1/poisoned_datasets/tausb_sdh/steps40/seed0/images/train/2008_000670.png,0,0,0,0.00000000,0.00000000,0.00000000,99.000000,tausb_sdh,40,0,none,,,,,,,,,,,,,,,,,,
2008_000842,/root/tausb-sdh-runs/TAUSB-SDH-E2E-V0-S0-R4-SMOKE-M1/poisoned_datasets/tausb_sdh/steps40/seed0/images/train/2008_000842.png,1,1,1,0.01160360,0.01102703,0.06203085,50.092403,tausb_sdh,40,0,person_gt_bbox,bbacd12ee7167cffe95ef2e0f9f80ab5def7654d1e9bcb9f2faf5e746cb4f26d,cb4b9bba70701c118cc869738ca2713a049ec23b86e89238f32353b06bd4adaf,a25277499e07310e68a39277461f176dd0d8666e69a4b890328d7b913601ac3e,3cd05ad1ab6a546bf2afd5e63cb6c3ff6667064d80af129dd819325625b9d848,,TAUSB-SDH-E2E-V0-MAP50-v1,end_to_end_feasibility_not_formal_method,False,False,c6c994384a563506126065382e35c941ba0bb0b2a21cd1d2dea63373bffd5168,c7d1b120ffbadeb7385be41669dda704b00a2cee60940e3c3d97112e24e59246,a765e27a62bb1a1939aaae487ff6e61ec405f457056d2329c1c49f91e02c9f36,9506fb1a981cc5e072dc4176994608b14bb8c39363de615919a2a392fedf4280,fa0b99cb3df0ad834ab20373a877022a640d5ab67bb53099de229bf949c77358,65bf9568cc1859ad5a3f5f0f9ca121f0bc58d00b9146a430c1c5bb1d4a75e06c,b75bb7ad49efcea9dc0c872d3aa9e459e6a56bab7307b201179d2da455c58ce2,2e102026a9356116de38acb1f5056bf5728afcd453e3447b516d4222f4d70b81,66bd89ebef12b21d578341e945d56ed315372b213e52c2cc07d2110543cc6a48
2008_001056,/root/tausb-sdh-runs/TAUSB-SDH-E2E-V0-S0-R4-SMOKE-M1/poisoned_datasets/tausb_sdh/steps40/seed0/images/train/2008_001056.png,0,0,0,0.00000000,0.00000000,0.00000000,99.000000,tausb_sdh,40,0,none,,,,,,,,,,,,,,,,,,
2008_001068,/root/tausb-sdh-runs/TAUSB-SDH-E2E-V0-S0-R4-SMOKE-M1/poisoned_datasets/tausb_sdh/steps40/seed0/images/train/2008_001068.png,1,1,1,0.04897391,0.04892174,0.06245470,41.743736,tausb_sdh,40,0,person_gt_bbox,bbacd12ee7167cffe95ef2e0f9f80ab5def7654d1e9bcb9f2faf5e746cb4f26d,cb4b9bba70701c118cc869738ca2713a049ec23b86e89238f32353b06bd4adaf,a25277499e07310e68a39277461f176dd0d8666e69a4b890328d7b913601ac3e,3cd05ad1ab6a546bf2afd5e63cb6c3ff6667064d80af129dd819325625b9d848,,TAUSB-SDH-E2E-V0-MAP50-v1,end_to_end_feasibility_not_formal_method,False,False,c6c994384a563506126065382e35c941ba0bb0b2a21cd1d2dea63373bffd5168,c7d1b120ffbadeb7385be41669dda704b00a2cee60940e3c3d97112e24e59246,a765e27a62bb1a1939aaae487ff6e61ec405f457056d2329c1c49f91e02c9f36,9506fb1a981cc5e072dc4176994608b14bb8c39363de615919a2a392fedf4280,fa0b99cb3df0ad834ab20373a877022a640d5ab67bb53099de229bf949c77358,65bf9568cc1859ad5a3f5f0f9ca121f0bc58d00b9146a430c1c5bb1d4a75e06c,b75bb7ad49efcea9dc0c872d3aa9e459e6a56bab7307b201179d2da455c58ce2,2e102026a9356116de38acb1f5056bf5728afcd453e3447b516d4222f4d70b81,66bd89ebef12b21d578341e945d56ed315372b213e52c2cc07d2110543cc6a48
2008_001188,/root/tausb-sdh-runs/TAUSB-SDH-E2E-V0-S0-R4-SMOKE-M1/poisoned_datasets/tausb_sdh/steps40/seed0/images/train/2008_001188.png,1,1,1,0.22072072,0.22042042,0.06274191,35.629490,tausb_sdh,40,0,person_gt_bbox,bbacd12ee7167cffe95ef2e0f9f80ab5def7654d1e9bcb9f2faf5e746cb4f26d,cb4b9bba70701c118cc869738ca2713a049ec23b86e89238f32353b06bd4adaf,a25277499e07310e68a39277461f176dd0d8666e69a4b890328d7b913601ac3e,3cd05ad1ab6a546bf2afd5e63cb6c3ff6667064d80af129dd819325625b9d848,,TAUSB-SDH-E2E-V0-MAP50-v1,end_to_end_feasibility_not_formal_method,False,False,c6c994384a563506126065382e35c941ba0bb0b2a21cd1d2dea63373bffd5168,c7d1b120ffbadeb7385be41669dda704b00a2cee60940e3c3d97112e24e59246,a765e27a62bb1a1939aaae487ff6e61ec405f457056d2329c1c49f91e02c9f36,9506fb1a981cc5e072dc4176994608b14bb8c39363de615919a2a392fedf4280,fa0b99cb3df0ad834ab20373a877022a640d5ab67bb53099de229bf949c77358,65bf9568cc1859ad5a3f5f0f9ca121f0bc58d00b9146a430c1c5bb1d4a75e06c,b75bb7ad49efcea9dc0c872d3aa9e459e6a56bab7307b201179d2da455c58ce2,2e102026a9356116de38acb1f5056bf5728afcd453e3447b516d4222f4d70b81,66bd89ebef12b21d578341e945d56ed315372b213e52c2cc07d2110543cc6a48
2008_001208,/root/tausb-sdh-runs/TAUSB-SDH-E2E-V0-S0-R4-SMOKE-M1/poisoned_datasets/tausb_sdh/steps40/seed0/images/train/2008_001208.png,0,0,0,0.00000000,0.00000000,0.00000000,99.000000,tausb_sdh,40,0,none,,,,,,,,,,,,,,,,,,
2008_001670,/root/tausb-sdh-runs/TAUSB-SDH-E2E-V0-S0-R4-SMOKE-M1/poisoned_datasets/tausb_sdh/steps40/seed0/images/train/2008_001670.png,1,1,1,0.50578133,0.50461867,0.06272614,31.829801,tausb_sdh,40,0,person_gt_bbox,bbacd12ee7167cffe95ef2e0f9f80ab5def7654d1e9bcb9f2faf5e746cb4f26d,cb4b9bba70701c118cc869738ca2713a049ec23b86e89238f32353b06bd4adaf,a25277499e07310e68a39277461f176dd0d8666e69a4b890328d7b913601ac3e,3cd05ad1ab6a546bf2afd5e63cb6c3ff6667064d80af129dd819325625b9d848,,TAUSB-SDH-E2E-V0-MAP50-v1,end_to_end_feasibility_not_formal_method,False,False,c6c994384a563506126065382e35c941ba0bb0b2a21cd1d2dea63373bffd5168,c7d1b120ffbadeb7385be41669dda704b00a2cee60940e3c3d97112e24e59246,a765e27a62bb1a1939aaae487ff6e61ec405f457056d2329c1c49f91e02c9f36,9506fb1a981cc5e072dc4176994608b14bb8c39363de615919a2a392fedf4280,fa0b99cb3df0ad834ab20373a877022a640d5ab67bb53099de229bf949c77358,65bf9568cc1859ad5a3f5f0f9ca121f0bc58d00b9146a430c1c5bb1d4a75e06c,b75bb7ad49efcea9dc0c872d3aa9e459e6a56bab7307b201179d2da455c58ce2,2e102026a9356116de38acb1f5056bf5728afcd453e3447b516d4222f4d70b81,66bd89ebef12b21d578341e945d56ed315372b213e52c2cc07d2110543cc6a48
2008_001856,/root/tausb-sdh-runs/TAUSB-SDH-E2E-V0-S0-R4-SMOKE-M1/poisoned_datasets/tausb_sdh/steps40/seed0/images/train/2008_001856.png,1,1,1,0.92521321,0.92476276,0.06273043,28.808898,tausb_sdh,40,0,person_gt_bbox,bbacd12ee7167cffe95ef2e0f9f80ab5def7654d1e9bcb9f2faf5e746cb4f26d,cb4b9bba70701c118cc869738ca2713a049ec23b86e89238f32353b06bd4adaf,a25277499e07310e68a39277461f176dd0d8666e69a4b890328d7b913601ac3e,3cd05ad1ab6a546bf2afd5e63cb6c3ff6667064d80af129dd819325625b9d848,,TAUSB-SDH-E2E-V0-MAP50-v1,end_to_end_feasibility_not_formal_method,False,False,c6c994384a563506126065382e35c941ba0bb0b2a21cd1d2dea63373bffd5168,c7d1b120ffbadeb7385be41669dda704b00a2cee60940e3c3d97112e24e59246,a765e27a62bb1a1939aaae487ff6e61ec405f457056d2329c1c49f91e02c9f36,9506fb1a981cc5e072dc4176994608b14bb8c39363de615919a2a392fedf4280,fa0b99cb3df0ad834ab20373a877022a640d5ab67bb53099de229bf949c77358,65bf9568cc1859ad5a3f5f0f9ca121f0bc58d00b9146a430c1c5bb1d4a75e06c,b75bb7ad49efcea9dc0c872d3aa9e459e6a56bab7307b201179d2da455c58ce2,2e102026a9356116de38acb1f5056bf5728afcd453e3447b516d4222f4d70b81,66bd89ebef12b21d578341e945d56ed315372b213e52c2cc07d2110543cc6a48
2008_001858,/root/tausb-sdh-runs/TAUSB-SDH-E2E-V0-S0-R4-SMOKE-M1/poisoned_datasets/tausb_sdh/steps40/seed0/images/train/2008_001858.png,0,0,0,0.00000000,0.00000000,0.00000000,99.000000,tausb_sdh,40,0,none,,,,,,,,,,,,,,,,,,
2008_001941,/root/tausb-sdh-runs/TAUSB-SDH-E2E-V0-S0-R4-SMOKE-M1/poisoned_datasets/tausb_sdh/steps40/seed0/images/train/2008_001941.png,0,0,0,0.00000000,0.00000000,0.00000000,99.000000,tausb_sdh,40,0,none,,,,,,,,,,,,,,,,,,
2008_001961,/root/tausb-sdh-runs/TAUSB-SDH-E2E-V0-S0-R4-SMOKE-M1/poisoned_datasets/tausb_sdh/steps40/seed0/images/train/2008_001961.png,0,0,0,0.00000000,0.00000000,0.00000000,99.000000,tausb_sdh,40,0,none,,,,,,,,,,,,,,,,,,
2008_002000,/root/tausb-sdh-runs/TAUSB-SDH-E2E-V0-S0-R4-SMOKE-M1/poisoned_datasets/tausb_sdh/steps40/seed0/images/train/2008_002000.png,0,0,0,0.00000000,0.00000000,0.00000000,99.000000,tausb_sdh,40,0,none,,,,,,,,,,,,,,,,,,
2008_002567,/root/tausb-sdh-runs/TAUSB-SDH-E2E-V0-S0-R4-SMOKE-M1/poisoned_datasets/tausb_sdh/steps40/seed0/images/train/2008_002567.png,1,1,1,0.56098133,0.56059733,0.06273556,30.954280,tausb_sdh,40,0,person_gt_bbox,bbacd12ee7167cffe95ef2e0f9f80ab5def7654d1e9bcb9f2faf5e746cb4f26d,cb4b9bba70701c118cc869738ca2713a049ec23b86e89238f32353b06bd4adaf,a25277499e07310e68a39277461f176dd0d8666e69a4b890328d7b913601ac3e,3cd05ad1ab6a546bf2afd5e63cb6c3ff6667064d80af129dd819325625b9d848,,TAUSB-SDH-E2E-V0-MAP50-v1,end_to_end_feasibility_not_formal_method,False,False,c6c994384a563506126065382e35c941ba0bb0b2a21cd1d2dea63373bffd5168,c7d1b120ffbadeb7385be41669dda704b00a2cee60940e3c3d97112e24e59246,a765e27a62bb1a1939aaae487ff6e61ec405f457056d2329c1c49f91e02c9f36,9506fb1a981cc5e072dc4176994608b14bb8c39363de615919a2a392fedf4280,fa0b99cb3df0ad834ab20373a877022a640d5ab67bb53099de229bf949c77358,65bf9568cc1859ad5a3f5f0f9ca121f0bc58d00b9146a430c1c5bb1d4a75e06c,b75bb7ad49efcea9dc0c872d3aa9e459e6a56bab7307b201179d2da455c58ce2,2e102026a9356116de38acb1f5056bf5728afcd453e3447b516d4222f4d70b81,66bd89ebef12b21d578341e945d56ed315372b213e52c2cc07d2110543cc6a48
2008_002612,/root/tausb-sdh-runs/TAUSB-SDH-E2E-V0-S0-R4-SMOKE-M1/poisoned_datasets/tausb_sdh/steps40/seed0/images/train/2008_002612.png,0,0,0,0.00000000,0.00000000,0.00000000,99.000000,tausb_sdh,40,0,none,,,,,,,,,,,,,,,,,,
2008_002679,/root/tausb-sdh-runs/TAUSB-SDH-E2E-V0-S0-R4-SMOKE-M1/poisoned_datasets/tausb_sdh/steps40/seed0/images/train/2008_002679.png,1,1,1,0.20453453,0.20448649,0.06269434,35.002974,tausb_sdh,40,0,person_gt_bbox,bbacd12ee7167cffe95ef2e0f9f80ab5def7654d1e9bcb9f2faf5e746cb4f26d,cb4b9bba70701c118cc869738ca2713a049ec23b86e89238f32353b06bd4adaf,a25277499e07310e68a39277461f176dd0d8666e69a4b890328d7b913601ac3e,3cd05ad1ab6a546bf2afd5e63cb6c3ff6667064d80af129dd819325625b9d848,,TAUSB-SDH-E2E-V0-MAP50-v1,end_to_end_feasibility_not_formal_method,False,False,c6c994384a563506126065382e35c941ba0bb0b2a21cd1d2dea63373bffd5168,c7d1b120ffbadeb7385be41669dda704b00a2cee60940e3c3d97112e24e59246,a765e27a62bb1a1939aaae487ff6e61ec405f457056d2329c1c49f91e02c9f36,9506fb1a981cc5e072dc4176994608b14bb8c39363de615919a2a392fedf4280,fa0b99cb3df0ad834ab20373a877022a640d5ab67bb53099de229bf949c77358,65bf9568cc1859ad5a3f5f0f9ca121f0bc58d00b9146a430c1c5bb1d4a75e06c,b75bb7ad49efcea9dc0c872d3aa9e459e6a56bab7307b201179d2da455c58ce2,2e102026a9356116de38acb1f5056bf5728afcd453e3447b516d4222f4d70b81,66bd89ebef12b21d578341e945d56ed315372b213e52c2cc07d2110543cc6a48
2008_002684,/root/tausb-sdh-runs/TAUSB-SDH-E2E-V0-S0-R4-SMOKE-M1/poisoned_datasets/tausb_sdh/steps40/seed0/images/train/2008_002684.png,0,0,0,0.00000000,0.00000000,0.00000000,99.000000,tausb_sdh,40,0,none,,,,,,,,,,,,,,,,,,
2008_003347,/root/tausb-sdh-runs/TAUSB-SDH-E2E-V0-S0-R4-SMOKE-M1/poisoned_datasets/tausb_sdh/steps40/seed0/images/train/2008_003347.png,0,0,0,0.00000000,0.00000000,0.00000000,99.000000,tausb_sdh,40,0,none,,,,,,,,,,,,,,,,,,
2008_003420,/root/tausb-sdh-runs/TAUSB-SDH-E2E-V0-S0-R4-SMOKE-M1/poisoned_datasets/tausb_sdh/steps40/seed0/images/train/2008_003420.png,0,0,0,0.00000000,0.00000000,0.00000000,99.000000,tausb_sdh,40,0,none,,,,,,,,,,,,,,,,,,
2008_003439,/root/tausb-sdh-runs/TAUSB-SDH-E2E-V0-S0-R4-SMOKE-M1/poisoned_datasets/tausb_sdh/steps40/seed0/images/train/2008_003439.png,0,0,0,0.00000000,0.00000000,0.00000000,99.000000,tausb_sdh,40,0,none,,,,,,,,,,,,,,,,,,
2008_003522,/root/tausb-sdh-runs/TAUSB-SDH-E2E-V0-S0-R4-SMOKE-M1/poisoned_datasets/tausb_sdh/steps40/seed0/images/train/2008_003522.png,1,1,1,0.75513514,0.75499099,0.06274450,29.323353,tausb_sdh,40,0,person_gt_bbox,bbacd12ee7167cffe95ef2e0f9f80ab5def7654d1e9bcb9f2faf5e746cb4f26d,cb4b9bba70701c118cc869738ca2713a049ec23b86e89238f32353b06bd4adaf,a25277499e07310e68a39277461f176dd0d8666e69a4b890328d7b913601ac3e,3cd05ad1ab6a546bf2afd5e63cb6c3ff6667064d80af129dd819325625b9d848,,TAUSB-SDH-E2E-V0-MAP50-v1,end_to_end_feasibility_not_formal_method,False,False,c6c994384a563506126065382e35c941ba0bb0b2a21cd1d2dea63373bffd5168,c7d1b120ffbadeb7385be41669dda704b00a2cee60940e3c3d97112e24e59246,a765e27a62bb1a1939aaae487ff6e61ec405f457056d2329c1c49f91e02c9f36,9506fb1a981cc5e072dc4176994608b14bb8c39363de615919a2a392fedf4280,fa0b99cb3df0ad834ab20373a877022a640d5ab67bb53099de229bf949c77358,65bf9568cc1859ad5a3f5f0f9ca121f0bc58d00b9146a430c1c5bb1d4a75e06c,b75bb7ad49efcea9dc0c872d3aa9e459e6a56bab7307b201179d2da455c58ce2,2e102026a9356116de38acb1f5056bf5728afcd453e3447b516d4222f4d70b81,66bd89ebef12b21d578341e945d56ed315372b213e52c2cc07d2110543cc6a48
2008_003637,/root/tausb-sdh-runs/TAUSB-SDH-E2E-V0-S0-R4-SMOKE-M1/poisoned_datasets/tausb_sdh/steps40/seed0/images/train/2008_003637.png,0,0,0,0.00000000,0.00000000,0.00000000,99.000000,tausb_sdh,40,0,none,,,,,,,,,,,,,,,,,,
2008_003719,/root/tausb-sdh-runs/TAUSB-SDH-E2E-V0-S0-R4-SMOKE-M1/poisoned_datasets/tausb_sdh/steps40/seed0/images/train/2008_003719.png,0,0,0,0.00000000,0.00000000,0.00000000,99.000000,tausb_sdh,40,0,none,,,,,,,,,,,,,,,,,,
2008_004048,/root/tausb-sdh-runs/TAUSB-SDH-E2E-V0-S0-R4-SMOKE-M1/poisoned_datasets/tausb_sdh/steps40/seed0/images/train/2008_004048.png,0,0,0,0.00000000,0.00000000,0.00000000,99.000000,tausb_sdh,40,0,none,,,,,,,,,,,,,,,,,,
2008_004123,/root/tausb-sdh-runs/TAUSB-SDH-E2E-V0-S0-R4-SMOKE-M1/poisoned_datasets/tausb_sdh/steps40/seed0/images/train/2008_004123.png,1,1,1,0.68658683,0.68608383,0.06274396,30.255760,tausb_sdh,40,0,person_gt_bbox,bbacd12ee7167cffe95ef2e0f9f80ab5def7654d1e9bcb9f2faf5e746cb4f26d,cb4b9bba70701c118cc869738ca2713a049ec23b86e89238f32353b06bd4adaf,a25277499e07310e68a39277461f176dd0d8666e69a4b890328d7b913601ac3e,3cd05ad1ab6a546bf2afd5e63cb6c3ff6667064d80af129dd819325625b9d848,,TAUSB-SDH-E2E-V0-MAP50-v1,end_to_end_feasibility_not_formal_method,False,False,c6c994384a563506126065382e35c941ba0bb0b2a21cd1d2dea63373bffd5168,c7d1b120ffbadeb7385be41669dda704b00a2cee60940e3c3d97112e24e59246,a765e27a62bb1a1939aaae487ff6e61ec405f457056d2329c1c49f91e02c9f36,9506fb1a981cc5e072dc4176994608b14bb8c39363de615919a2a392fedf4280,fa0b99cb3df0ad834ab20373a877022a640d5ab67bb53099de229bf949c77358,65bf9568cc1859ad5a3f5f0f9ca121f0bc58d00b9146a430c1c5bb1d4a75e06c,b75bb7ad49efcea9dc0c872d3aa9e459e6a56bab7307b201179d2da455c58ce2,2e102026a9356116de38acb1f5056bf5728afcd453e3447b516d4222f4d70b81,66bd89ebef12b21d578341e945d56ed315372b213e52c2cc07d2110543cc6a48
2008_004394,/root/tausb-sdh-runs/TAUSB-SDH-E2E-V0-S0-R4-SMOKE-M1/poisoned_datasets/tausb_sdh/steps40/seed0/images/train/2008_004394.png,0,0,0,0.00000000,0.00000000,0.00000000,99.000000,tausb_sdh,40,0,none,,,,,,,,,,,,,,,,,,
2008_004719,/root/tausb-sdh-runs/TAUSB-SDH-E2E-V0-S0-R4-SMOKE-M1/poisoned_datasets/tausb_sdh/steps40/seed0/images/train/2008_004719.png,0,0,0,0.00000000,0.00000000,0.00000000,99.000000,tausb_sdh,40,0,none,,,,,,,,,,,,,,,,,,
2008_005158,/root/tausb-sdh-runs/TAUSB-SDH-E2E-V0-S0-R4-SMOKE-M1/poisoned_datasets/tausb_sdh/steps40/seed0/images/train/2008_005158.png,0,0,0,0.00000000,0.00000000,0.00000000,99.000000,tausb_sdh,40,0,none,,,,,,,,,,,,,,,,,,
2008_005182,/root/tausb-sdh-runs/TAUSB-SDH-E2E-V0-S0-R4-SMOKE-M1/poisoned_datasets/tausb_sdh/steps40/seed0/images/train/2008_005182.png,0,0,0,0.00000000,0.00000000,0.00000000,99.000000,tausb_sdh,40,0,none,,,,,,,,,,,,,,,,,,
2008_005235,/root/tausb-sdh-runs/TAUSB-SDH-E2E-V0-S0-R4-SMOKE-M1/poisoned_datasets/tausb_sdh/steps40/seed0/images/train/2008_005235.png,0,0,0,0.00000000,0.00000000,0.00000000,99.000000,tausb_sdh,40,0,none,,,,,,,,,,,,,,,,,,
2008_005639,/root/tausb-sdh-runs/TAUSB-SDH-E2E-V0-S0-R4-SMOKE-M1/poisoned_datasets/tausb_sdh/steps40/seed0/images/train/2008_005639.png,0,0,0,0.00000000,0.00000000,0.00000000,99.000000,tausb_sdh,40,0,none,,,,,,,,,,,,,,,,,,
2008_005823,/root/tausb-sdh-runs/TAUSB-SDH-E2E-V0-S0-R4-SMOKE-M1/poisoned_datasets/tausb_sdh/steps40/seed0/images/train/2008_005823.png,0,0,0,0.00000000,0.00000000,0.00000000,99.000000,tausb_sdh,40,0,none,,,,,,,,,,,,,,,,,,
2008_005881,/root/tausb-sdh-runs/TAUSB-SDH-E2E-V0-S0-R4-SMOKE-M1/poisoned_datasets/tausb_sdh/steps40/seed0/images/train/2008_005881.png,1,1,1,0.87425600,0.87300267,0.06273982,29.649020,tausb_sdh,40,0,person_gt_bbox,bbacd12ee7167cffe95ef2e0f9f80ab5def7654d1e9bcb9f2faf5e746cb4f26d,cb4b9bba70701c118cc869738ca2713a049ec23b86e89238f32353b06bd4adaf,a25277499e07310e68a39277461f176dd0d8666e69a4b890328d7b913601ac3e,3cd05ad1ab6a546bf2afd5e63cb6c3ff6667064d80af129dd819325625b9d848,,TAUSB-SDH-E2E-V0-MAP50-v1,end_to_end_feasibility_not_formal_method,False,False,c6c994384a563506126065382e35c941ba0bb0b2a21cd1d2dea63373bffd5168,c7d1b120ffbadeb7385be41669dda704b00a2cee60940e3c3d97112e24e59246,a765e27a62bb1a1939aaae487ff6e61ec405f457056d2329c1c49f91e02c9f36,9506fb1a981cc5e072dc4176994608b14bb8c39363de615919a2a392fedf4280,fa0b99cb3df0ad834ab20373a877022a640d5ab67bb53099de229bf949c77358,65bf9568cc1859ad5a3f5f0f9ca121f0bc58d00b9146a430c1c5bb1d4a75e06c,b75bb7ad49efcea9dc0c872d3aa9e459e6a56bab7307b201179d2da455c58ce2,2e102026a9356116de38acb1f5056bf5728afcd453e3447b516d4222f4d70b81,66bd89ebef12b21d578341e945d56ed315372b213e52c2cc07d2110543cc6a48
2008_005893,/root/tausb-sdh-runs/TAUSB-SDH-E2E-V0-S0-R4-SMOKE-M1/poisoned_datasets/tausb_sdh/steps40/seed0/images/train/2008_005893.png,0,0,0,0.00000000,0.00000000,0.00000000,99.000000,tausb_sdh,40,0,none,,,,,,,,,,,,,,,,,,
2008_005914,/root/tausb-sdh-runs/TAUSB-SDH-E2E-V0-S0-R4-SMOKE-M1/poisoned_datasets/tausb_sdh/steps40/seed0/images/train/2008_005914.png,0,0,0,0.00000000,0.00000000,0.00000000,99.000000,tausb_sdh,40,0,none,,,,,,,,,,,,,,,,,,
2008_005987,/root/tausb-sdh-runs/TAUSB-SDH-E2E-V0-S0-R4-SMOKE-M1/poisoned_datasets/tausb_sdh/steps40/seed0/images/train/2008_005987.png,0,0,0,0.00000000,0.00000000,0.00000000,99.000000,tausb_sdh,40,0,none,,,,,,,,,,,,,,,,,,
2008_006070,/root/tausb-sdh-runs/TAUSB-SDH-E2E-V0-S0-R4-SMOKE-M1/poisoned_datasets/tausb_sdh/steps40/seed0/images/train/2008_006070.png,0,0,0,0.00000000,0.00000000,0.00000000,99.000000,tausb_sdh,40,0,none,,,,,,,,,,,,,,,,,,
2008_006081,/root/tausb-sdh-runs/TAUSB-SDH-E2E-V0-S0-R4-SMOKE-M1/poisoned_datasets/tausb_sdh/steps40/seed0/images/train/2008_006081.png,0,0,0,0.00000000,0.00000000,0.00000000,99.000000,tausb_sdh,40,0,none,,,,,,,,,,,,,,,,,,
2008_006265,/root/tausb-sdh-runs/TAUSB-SDH-E2E-V0-S0-R4-SMOKE-M1/poisoned_datasets/tausb_sdh/steps40/seed0/images/train/2008_006265.png,1,1,1,0.01862400,0.01860267,0.06259889,45.932164,tausb_sdh,40,0,person_gt_bbox,bbacd12ee7167cffe95ef2e0f9f80ab5def7654d1e9bcb9f2faf5e746cb4f26d,cb4b9bba70701c118cc869738ca2713a049ec23b86e89238f32353b06bd4adaf,a25277499e07310e68a39277461f176dd0d8666e69a4b890328d7b913601ac3e,3cd05ad1ab6a546bf2afd5e63cb6c3ff6667064d80af129dd819325625b9d848,,TAUSB-SDH-E2E-V0-MAP50-v1,end_to_end_feasibility_not_formal_method,False,False,c6c994384a563506126065382e35c941ba0bb0b2a21cd1d2dea63373bffd5168,c7d1b120ffbadeb7385be41669dda704b00a2cee60940e3c3d97112e24e59246,a765e27a62bb1a1939aaae487ff6e61ec405f457056d2329c1c49f91e02c9f36,9506fb1a981cc5e072dc4176994608b14bb8c39363de615919a2a392fedf4280,fa0b99cb3df0ad834ab20373a877022a640d5ab67bb53099de229bf949c77358,65bf9568cc1859ad5a3f5f0f9ca121f0bc58d00b9146a430c1c5bb1d4a75e06c,b75bb7ad49efcea9dc0c872d3aa9e459e6a56bab7307b201179d2da455c58ce2,2e102026a9356116de38acb1f5056bf5728afcd453e3447b516d4222f4d70b81,66bd89ebef12b21d578341e945d56ed315372b213e52c2cc07d2110543cc6a48
2008_006280,/root/tausb-sdh-runs/TAUSB-SDH-E2E-V0-S0-R4-SMOKE-M1/poisoned_datasets/tausb_sdh/steps40/seed0/images/train/2008_006280.png,0,0,0,0.00000000,0.00000000,0.00000000,99.000000,tausb_sdh,40,0,none,,,,,,,,,,,,,,,,,,
2008_006616,/root/tausb-sdh-runs/TAUSB-SDH-E2E-V0-S0-R4-SMOKE-M1/poisoned_datasets/tausb_sdh/steps40/seed0/images/train/2008_006616.png,1,1,1,0.71106250,0.71075000,0.06274417,29.914234,tausb_sdh,40,0,person_gt_bbox,bbacd12ee7167cffe95ef2e0f9f80ab5def7654d1e9bcb9f2faf5e746cb4f26d,cb4b9bba70701c118cc869738ca2713a049ec23b86e89238f32353b06bd4adaf,a25277499e07310e68a39277461f176dd0d8666e69a4b890328d7b913601ac3e,3cd05ad1ab6a546bf2afd5e63cb6c3ff6667064d80af129dd819325625b9d848,,TAUSB-SDH-E2E-V0-MAP50-v1,end_to_end_feasibility_not_formal_method,False,False,c6c994384a563506126065382e35c941ba0bb0b2a21cd1d2dea63373bffd5168,c7d1b120ffbadeb7385be41669dda704b00a2cee60940e3c3d97112e24e59246,a765e27a62bb1a1939aaae487ff6e61ec405f457056d2329c1c49f91e02c9f36,9506fb1a981cc5e072dc4176994608b14bb8c39363de615919a2a392fedf4280,fa0b99cb3df0ad834ab20373a877022a640d5ab67bb53099de229bf949c77358,65bf9568cc1859ad5a3f5f0f9ca121f0bc58d00b9146a430c1c5bb1d4a75e06c,b75bb7ad49efcea9dc0c872d3aa9e459e6a56bab7307b201179d2da455c58ce2,2e102026a9356116de38acb1f5056bf5728afcd453e3447b516d4222f4d70b81,66bd89ebef12b21d578341e945d56ed315372b213e52c2cc07d2110543cc6a48
2008_006784,/root/tausb-sdh-runs/TAUSB-SDH-E2E-V0-S0-R4-SMOKE-M1/poisoned_datasets/tausb_sdh/steps40/seed0/images/train/2008_006784.png,0,0,0,0.00000000,0.00000000,0.00000000,99.000000,tausb_sdh,40,0,none,,,,,,,,,,,,,,,,,,
2008_006885,/root/tausb-sdh-runs/TAUSB-SDH-E2E-V0-S0-R4-SMOKE-M1/poisoned_datasets/tausb_sdh/steps40/seed0/images/train/2008_006885.png,0,0,0,0.00000000,0.00000000,0.00000000,99.000000,tausb_sdh,40,0,none,,,,,,,,,,,,,,,,,,
2008_006904,/root/tausb-sdh-runs/TAUSB-SDH-E2E-V0-S0-R4-SMOKE-M1/poisoned_datasets/tausb_sdh/steps40/seed0/images/train/2008_006904.png,0,0,0,0.00000000,0.00000000,0.00000000,99.000000,tausb_sdh,40,0,none,,,,,,,,,,,,,,,,,,
2008_006998,/root/tausb-sdh-runs/TAUSB-SDH-E2E-V0-S0-R4-SMOKE-M1/poisoned_datasets/tausb_sdh/steps40/seed0/images/train/2008_006998.png,1,1,1,0.88932132,0.88674474,0.06274001,29.628194,tausb_sdh,40,0,person_gt_bbox,bbacd12ee7167cffe95ef2e0f9f80ab5def7654d1e9bcb9f2faf5e746cb4f26d,cb4b9bba70701c118cc869738ca2713a049ec23b86e89238f32353b06bd4adaf,a25277499e07310e68a39277461f176dd0d8666e69a4b890328d7b913601ac3e,3cd05ad1ab6a546bf2afd5e63cb6c3ff6667064d80af129dd819325625b9d848,,TAUSB-SDH-E2E-V0-MAP50-v1,end_to_end_feasibility_not_formal_method,False,False,c6c994384a563506126065382e35c941ba0bb0b2a21cd1d2dea63373bffd5168,c7d1b120ffbadeb7385be41669dda704b00a2cee60940e3c3d97112e24e59246,a765e27a62bb1a1939aaae487ff6e61ec405f457056d2329c1c49f91e02c9f36,9506fb1a981cc5e072dc4176994608b14bb8c39363de615919a2a392fedf4280,fa0b99cb3df0ad834ab20373a877022a640d5ab67bb53099de229bf949c77358,65bf9568cc1859ad5a3f5f0f9ca121f0bc58d00b9146a430c1c5bb1d4a75e06c,b75bb7ad49efcea9dc0c872d3aa9e459e6a56bab7307b201179d2da455c58ce2,2e102026a9356116de38acb1f5056bf5728afcd453e3447b516d4222f4d70b81,66bd89ebef12b21d578341e945d56ed315372b213e52c2cc07d2110543cc6a48
2008_007195,/root/tausb-sdh-runs/TAUSB-SDH-E2E-V0-S0-R4-SMOKE-M1/poisoned_datasets/tausb_sdh/steps40/seed0/images/train/2008_007195.png,1,1,1,0.31232000,0.30692800,0.06266874,34.440128,tausb_sdh,40,0,person_gt_bbox,bbacd12ee7167cffe95ef2e0f9f80ab5def7654d1e9bcb9f2faf5e746cb4f26d,cb4b9bba70701c118cc869738ca2713a049ec23b86e89238f32353b06bd4adaf,a25277499e07310e68a39277461f176dd0d8666e69a4b890328d7b913601ac3e,3cd05ad1ab6a546bf2afd5e63cb6c3ff6667064d80af129dd819325625b9d848,,TAUSB-SDH-E2E-V0-MAP50-v1,end_to_end_feasibility_not_formal_method,False,False,c6c994384a563506126065382e35c941ba0bb0b2a21cd1d2dea63373bffd5168,c7d1b120ffbadeb7385be41669dda704b00a2cee60940e3c3d97112e24e59246,a765e27a62bb1a1939aaae487ff6e61ec405f457056d2329c1c49f91e02c9f36,9506fb1a981cc5e072dc4176994608b14bb8c39363de615919a2a392fedf4280,fa0b99cb3df0ad834ab20373a877022a640d5ab67bb53099de229bf949c77358,65bf9568cc1859ad5a3f5f0f9ca121f0bc58d00b9146a430c1c5bb1d4a75e06c,b75bb7ad49efcea9dc0c872d3aa9e459e6a56bab7307b201179d2da455c58ce2,2e102026a9356116de38acb1f5056bf5728afcd453e3447b516d4222f4d70b81,66bd89ebef12b21d578341e945d56ed315372b213e52c2cc07d2110543cc6a48
2008_007256,/root/tausb-sdh-runs/TAUSB-SDH-E2E-V0-S0-R4-SMOKE-M1/poisoned_datasets/tausb_sdh/steps40/seed0/images/train/2008_007256.png,0,0,0,0.00000000,0.00000000,0.00000000,99.000000,tausb_sdh,40,0,none,,,,,,,,,,,,,,,,,,
2008_007402,/root/tausb-sdh-runs/TAUSB-SDH-E2E-V0-S0-R4-SMOKE-M1/poisoned_datasets/tausb_sdh/steps40/seed0/images/train/2008_007402.png,1,1,1,0.45269670,0.44735135,0.06270687,31.806940,tausb_sdh,40,0,person_gt_bbox,bbacd12ee7167cffe95ef2e0f9f80ab5def7654d1e9bcb9f2faf5e746cb4f26d,cb4b9bba70701c118cc869738ca2713a049ec23b86e89238f32353b06bd4adaf,a25277499e07310e68a39277461f176dd0d8666e69a4b890328d7b913601ac3e,3cd05ad1ab6a546bf2afd5e63cb6c3ff6667064d80af129dd819325625b9d848,,TAUSB-SDH-E2E-V0-MAP50-v1,end_to_end_feasibility_not_formal_method,False,False,c6c994384a563506126065382e35c941ba0bb0b2a21cd1d2dea63373bffd5168,c7d1b120ffbadeb7385be41669dda704b00a2cee60940e3c3d97112e24e59246,a765e27a62bb1a1939aaae487ff6e61ec405f457056d2329c1c49f91e02c9f36,9506fb1a981cc5e072dc4176994608b14bb8c39363de615919a2a392fedf4280,fa0b99cb3df0ad834ab20373a877022a640d5ab67bb53099de229bf949c77358,65bf9568cc1859ad5a3f5f0f9ca121f0bc58d00b9146a430c1c5bb1d4a75e06c,b75bb7ad49efcea9dc0c872d3aa9e459e6a56bab7307b201179d2da455c58ce2,2e102026a9356116de38acb1f5056bf5728afcd453e3447b516d4222f4d70b81,66bd89ebef12b21d578341e945d56ed315372b213e52c2cc07d2110543cc6a48
2008_007665,/root/tausb-sdh-runs/TAUSB-SDH-E2E-V0-S0-R4-SMOKE-M1/poisoned_datasets/tausb_sdh/steps40/seed0/images/train/2008_007665.png,1,1,1,0.77792000,0.77778133,0.06274205,29.586525,tausb_sdh,40,0,person_gt_bbox,bbacd12ee7167cffe95ef2e0f9f80ab5def7654d1e9bcb9f2faf5e746cb4f26d,cb4b9bba70701c118cc869738ca2713a049ec23b86e89238f32353b06bd4adaf,a25277499e07310e68a39277461f176dd0d8666e69a4b890328d7b913601ac3e,3cd05ad1ab6a546bf2afd5e63cb6c3ff6667064d80af129dd819325625b9d848,,TAUSB-SDH-E2E-V0-MAP50-v1,end_to_end_feasibility_not_formal_method,False,False,c6c994384a563506126065382e35c941ba0bb0b2a21cd1d2dea63373bffd5168,c7d1b120ffbadeb7385be41669dda704b00a2cee60940e3c3d97112e24e59246,a765e27a62bb1a1939aaae487ff6e61ec405f457056d2329c1c49f91e02c9f36,9506fb1a981cc5e072dc4176994608b14bb8c39363de615919a2a392fedf4280,fa0b99cb3df0ad834ab20373a877022a640d5ab67bb53099de229bf949c77358,65bf9568cc1859ad5a3f5f0f9ca121f0bc58d00b9146a430c1c5bb1d4a75e06c,b75bb7ad49efcea9dc0c872d3aa9e459e6a56bab7307b201179d2da455c58ce2,2e102026a9356116de38acb1f5056bf5728afcd453e3447b516d4222f4d70b81,66bd89ebef12b21d578341e945d56ed315372b213e52c2cc07d2110543cc6a48
2008_008313,/root/tausb-sdh-runs/TAUSB-SDH-E2E-V0-S0-R4-SMOKE-M1/poisoned_datasets/tausb_sdh/steps40/seed0/images/train/2008_008313.png,0,0,0,0.00000000,0.00000000,0.00000000,99.000000,tausb_sdh,40,0,none,,,,,,,,,,,,,,,,,,
2008_008679,/root/tausb-sdh-runs/TAUSB-SDH-E2E-V0-S0-R4-SMOKE-M1/poisoned_datasets/tausb_sdh/steps40/seed0/images/train/2008_008679.png,0,0,0,0.00000000,0.00000000,0.00000000,99.000000,tausb_sdh,40,0,none,,,,,,,,,,,,,,,,,,
2009_000981,/root/tausb-sdh-runs/TAUSB-SDH-E2E-V0-S0-R4-SMOKE-M1/poisoned_datasets/tausb_sdh/steps40/seed0/images/train/2009_000981.png,0,0,0,0.00000000,0.00000000,0.00000000,99.000000,tausb_sdh,40,0,none,,,,,,,,,,,,,,,,,,
2009_001146,/root/tausb-sdh-runs/TAUSB-SDH-E2E-V0-S0-R4-SMOKE-M1/poisoned_datasets/tausb_sdh/steps40/seed0/images/train/2009_001146.png,0,0,0,0.00000000,0.00000000,0.00000000,99.000000,tausb_sdh,40,0,none,,,,,,,,,,,,,,,,,,
2009_001368,/root/tausb-sdh-runs/TAUSB-SDH-E2E-V0-S0-R4-SMOKE-M1/poisoned_datasets/tausb_sdh/steps40/seed0/images/train/2009_001368.png,0,0,0,0.00000000,0.00000000,0.00000000,99.000000,tausb_sdh,40,0,none,,,,,,,,,,,,,,,,,,
2009_001826,/root/tausb-sdh-runs/TAUSB-SDH-E2E-V0-S0-R4-SMOKE-M1/poisoned_datasets/tausb_sdh/steps40/seed0/images/train/2009_001826.png,0,0,0,0.00000000,0.00000000,0.00000000,99.000000,tausb_sdh,40,0,none,,,,,,,,,,,,,,,,,,
2009_001965,/root/tausb-sdh-runs/TAUSB-SDH-E2E-V0-S0-R4-SMOKE-M1/poisoned_datasets/tausb_sdh/steps40/seed0/images/train/2009_001965.png,1,1,1,0.77442857,0.76858333,0.06274301,29.406893,tausb_sdh,40,0,person_gt_bbox,bbacd12ee7167cffe95ef2e0f9f80ab5def7654d1e9bcb9f2faf5e746cb4f26d,cb4b9bba70701c118cc869738ca2713a049ec23b86e89238f32353b06bd4adaf,a25277499e07310e68a39277461f176dd0d8666e69a4b890328d7b913601ac3e,3cd05ad1ab6a546bf2afd5e63cb6c3ff6667064d80af129dd819325625b9d848,,TAUSB-SDH-E2E-V0-MAP50-v1,end_to_end_feasibility_not_formal_method,False,False,c6c994384a563506126065382e35c941ba0bb0b2a21cd1d2dea63373bffd5168,c7d1b120ffbadeb7385be41669dda704b00a2cee60940e3c3d97112e24e59246,a765e27a62bb1a1939aaae487ff6e61ec405f457056d2329c1c49f91e02c9f36,9506fb1a981cc5e072dc4176994608b14bb8c39363de615919a2a392fedf4280,fa0b99cb3df0ad834ab20373a877022a640d5ab67bb53099de229bf949c77358,65bf9568cc1859ad5a3f5f0f9ca121f0bc58d00b9146a430c1c5bb1d4a75e06c,b75bb7ad49efcea9dc0c872d3aa9e459e6a56bab7307b201179d2da455c58ce2,2e102026a9356116de38acb1f5056bf5728afcd453e3447b516d4222f4d70b81,66bd89ebef12b21d578341e945d56ed315372b213e52c2cc07d2110543cc6a48
2009_002066,/root/tausb-sdh-runs/TAUSB-SDH-E2E-V0-S0-R4-SMOKE-M1/poisoned_datasets/tausb_sdh/steps40/seed0/images/train/2009_002066.png,1,1,1,0.02554667,0.02547200,0.06265286,44.830149,tausb_sdh,40,0,person_gt_bbox,bbacd12ee7167cffe95ef2e0f9f80ab5def7654d1e9bcb9f2faf5e746cb4f26d,cb4b9bba70701c118cc869738ca2713a049ec23b86e89238f32353b06bd4adaf,a25277499e07310e68a39277461f176dd0d8666e69a4b890328d7b913601ac3e,3cd05ad1ab6a546bf2afd5e63cb6c3ff6667064d80af129dd819325625b9d848,,TAUSB-SDH-E2E-V0-MAP50-v1,end_to_end_feasibility_not_formal_method,False,False,c6c994384a563506126065382e35c941ba0bb0b2a21cd1d2dea63373bffd5168,c7d1b120ffbadeb7385be41669dda704b00a2cee60940e3c3d97112e24e59246,a765e27a62bb1a1939aaae487ff6e61ec405f457056d2329c1c49f91e02c9f36,9506fb1a981cc5e072dc4176994608b14bb8c39363de615919a2a392fedf4280,fa0b99cb3df0ad834ab20373a877022a640d5ab67bb53099de229bf949c77358,65bf9568cc1859ad5a3f5f0f9ca121f0bc58d00b9146a430c1c5bb1d4a75e06c,b75bb7ad49efcea9dc0c872d3aa9e459e6a56bab7307b201179d2da455c58ce2,2e102026a9356116de38acb1f5056bf5728afcd453e3447b516d4222f4d70b81,66bd89ebef12b21d578341e945d56ed315372b213e52c2cc07d2110543cc6a48
2009_002093,/root/tausb-sdh-runs/TAUSB-SDH-E2E-V0-S0-R4-SMOKE-M1/poisoned_datasets/tausb_sdh/steps40/seed0/images/train/2009_002093.png,0,0,0,0.00000000,0.00000000,0.00000000,99.000000,tausb_sdh,40,0,none,,,,,,,,,,,,,,,,,,
2009_002211,/root/tausb-sdh-runs/TAUSB-SDH-E2E-V0-S0-R4-SMOKE-M1/poisoned_datasets/tausb_sdh/steps40/seed0/images/train/2009_002211.png,0,0,0,0.00000000,0.00000000,0.00000000,99.000000,tausb_sdh,40,0,none,,,,,,,,,,,,,,,,,,
2009_002254,/root/tausb-sdh-runs/TAUSB-SDH-E2E-V0-S0-R4-SMOKE-M1/poisoned_datasets/tausb_sdh/steps40/seed0/images/train/2009_002254.png,0,0,0,0.00000000,0.00000000,0.00000000,99.000000,tausb_sdh,40,0,none,,,,,,,,,,,,,,,,,,
2009_002444,/root/tausb-sdh-runs/TAUSB-SDH-E2E-V0-S0-R4-SMOKE-M1/poisoned_datasets/tausb_sdh/steps40/seed0/images/train/2009_002444.png,0,0,0,0.00000000,0.00000000,0.00000000,99.000000,tausb_sdh,40,0,none,,,,,,,,,,,,,,,,,,
2009_002457,/root/tausb-sdh-runs/TAUSB-SDH-E2E-V0-S0-R4-SMOKE-M1/poisoned_datasets/tausb_sdh/steps40/seed0/images/train/2009_002457.png,0,0,0,0.00000000,0.00000000,0.00000000,99.000000,tausb_sdh,40,0,none,,,,,,,,,,,,,,,,,,
2009_002620,/root/tausb-sdh-runs/TAUSB-SDH-E2E-V0-S0-R4-SMOKE-M1/poisoned_datasets/tausb_sdh/steps40/seed0/images/train/2009_002620.png,0,0,0,0.00000000,0.00000000,0.00000000,99.000000,tausb_sdh,40,0,none,,,,,,,,,,,,,,,,,,
2009_002628,/root/tausb-sdh-runs/TAUSB-SDH-E2E-V0-S0-R4-SMOKE-M1/poisoned_datasets/tausb_sdh/steps40/seed0/images/train/2009_002628.png,0,0,0,0.00000000,0.00000000,0.00000000,99.000000,tausb_sdh,40,0,none,,,,,,,,,,,,,,,,,,
2009_002687,/root/tausb-sdh-runs/TAUSB-SDH-E2E-V0-S0-R4-SMOKE-M1/poisoned_datasets/tausb_sdh/steps40/seed0/images/train/2009_002687.png,0,0,0,0.00000000,0.00000000,0.00000000,99.000000,tausb_sdh,40,0,none,,,,,,,,,,,,,,,,,,
2009_002898,/root/tausb-sdh-runs/TAUSB-SDH-E2E-V0-S0-R4-SMOKE-M1/poisoned_datasets/tausb_sdh/steps40/seed0/images/train/2009_002898.png,0,0,0,0.00000000,0.00000000,0.00000000,99.000000,tausb_sdh,40,0,none,,,,,,,,,,,,,,,,,,
2009_002957,/root/tausb-sdh-runs/TAUSB-SDH-E2E-V0-S0-R4-SMOKE-M1/poisoned_datasets/tausb_sdh/steps40/seed0/images/train/2009_002957.png,0,0,0,0.00000000,0.00000000,0.00000000,99.000000,tausb_sdh,40,0,none,,,,,,,,,,,,,,,,,,
2009_003093,/root/tausb-sdh-runs/TAUSB-SDH-E2E-V0-S0-R4-SMOKE-M1/poisoned_datasets/tausb_sdh/steps40/seed0/images/train/2009_003093.png,0,0,0,0.00000000,0.00000000,0.00000000,99.000000,tausb_sdh,40,0,none,,,,,,,,,,,,,,,,,,
2009_003187,/root/tausb-sdh-runs/TAUSB-SDH-E2E-V0-S0-R4-SMOKE-M1/poisoned_datasets/tausb_sdh/steps40/seed0/images/train/2009_003187.png,0,0,0,0.00000000,0.00000000,0.00000000,99.000000,tausb_sdh,40,0,none,,,,,,,,,,,,,,,,,,
2009_003443,/root/tausb-sdh-runs/TAUSB-SDH-E2E-V0-S0-R4-SMOKE-M1/poisoned_datasets/tausb_sdh/steps40/seed0/images/train/2009_003443.png,0,0,0,0.00000000,0.00000000,0.00000000,99.000000,tausb_sdh,40,0,none,,,,,,,,,,,,,,,,,,
2009_003710,/root/tausb-sdh-runs/TAUSB-SDH-E2E-V0-S0-R4-SMOKE-M1/poisoned_datasets/tausb_sdh/steps40/seed0/images/train/2009_003710.png,1,1,1,0.06957867,0.06952000,0.06269920,40.304862,tausb_sdh,40,0,person_gt_bbox,bbacd12ee7167cffe95ef2e0f9f80ab5def7654d1e9bcb9f2faf5e746cb4f26d,cb4b9bba70701c118cc869738ca2713a049ec23b86e89238f32353b06bd4adaf,a25277499e07310e68a39277461f176dd0d8666e69a4b890328d7b913601ac3e,3cd05ad1ab6a546bf2afd5e63cb6c3ff6667064d80af129dd819325625b9d848,,TAUSB-SDH-E2E-V0-MAP50-v1,end_to_end_feasibility_not_formal_method,False,False,c6c994384a563506126065382e35c941ba0bb0b2a21cd1d2dea63373bffd5168,c7d1b120ffbadeb7385be41669dda704b00a2cee60940e3c3d97112e24e59246,a765e27a62bb1a1939aaae487ff6e61ec405f457056d2329c1c49f91e02c9f36,9506fb1a981cc5e072dc4176994608b14bb8c39363de615919a2a392fedf4280,fa0b99cb3df0ad834ab20373a877022a640d5ab67bb53099de229bf949c77358,65bf9568cc1859ad5a3f5f0f9ca121f0bc58d00b9146a430c1c5bb1d4a75e06c,b75bb7ad49efcea9dc0c872d3aa9e459e6a56bab7307b201179d2da455c58ce2,2e102026a9356116de38acb1f5056bf5728afcd453e3447b516d4222f4d70b81,66bd89ebef12b21d578341e945d56ed315372b213e52c2cc07d2110543cc6a48
2009_003793,/root/tausb-sdh-runs/TAUSB-SDH-E2E-V0-S0-R4-SMOKE-M1/poisoned_datasets/tausb_sdh/steps40/seed0/images/train/2009_003793.png,0,0,0,0.00000000,0.00000000,0.00000000,99.000000,tausb_sdh,40,0,none,,,,,,,,,,,,,,,,,,
2009_003804,/root/tausb-sdh-runs/TAUSB-SDH-E2E-V0-S0-R4-SMOKE-M1/poisoned_datasets/tausb_sdh/steps40/seed0/images/train/2009_003804.png,0,0,0,0.00000000,0.00000000,0.00000000,99.000000,tausb_sdh,40,0,none,,,,,,,,,,,,,,,,,,
2009_003863,/root/tausb-sdh-runs/TAUSB-SDH-E2E-V0-S0-R4-SMOKE-M1/poisoned_datasets/tausb_sdh/steps40/seed0/images/train/2009_003863.png,0,0,0,0.00000000,0.00000000,0.00000000,99.000000,tausb_sdh,40,0,none,,,,,,,,,,,,,,,,,,
2009_003982,/root/tausb-sdh-runs/TAUSB-SDH-E2E-V0-S0-R4-SMOKE-M1/poisoned_datasets/tausb_sdh/steps40/seed0/images/train/2009_003982.png,0,0,0,0.00000000,0.00000000,0.00000000,99.000000,tausb_sdh,40,0,none,,,,,,,,,,,,,,,,,,
2009_004285,/root/tausb-sdh-runs/TAUSB-SDH-E2E-V0-S0-R4-SMOKE-M1/poisoned_datasets/tausb_sdh/steps40/seed0/images/train/2009_004285.png,1,1,1,0.88877477,0.87760360,0.06272399,30.572884,tausb_sdh,40,0,person_gt_bbox,bbacd12ee7167cffe95ef2e0f9f80ab5def7654d1e9bcb9f2faf5e746cb4f26d,cb4b9bba70701c118cc869738ca2713a049ec23b86e89238f32353b06bd4adaf,a25277499e07310e68a39277461f176dd0d8666e69a4b890328d7b913601ac3e,3cd05ad1ab6a546bf2afd5e63cb6c3ff6667064d80af129dd819325625b9d848,,TAUSB-SDH-E2E-V0-MAP50-v1,end_to_end_feasibility_not_formal_method,False,False,c6c994384a563506126065382e35c941ba0bb0b2a21cd1d2dea63373bffd5168,c7d1b120ffbadeb7385be41669dda704b00a2cee60940e3c3d97112e24e59246,a765e27a62bb1a1939aaae487ff6e61ec405f457056d2329c1c49f91e02c9f36,9506fb1a981cc5e072dc4176994608b14bb8c39363de615919a2a392fedf4280,fa0b99cb3df0ad834ab20373a877022a640d5ab67bb53099de229bf949c77358,65bf9568cc1859ad5a3f5f0f9ca121f0bc58d00b9146a430c1c5bb1d4a75e06c,b75bb7ad49efcea9dc0c872d3aa9e459e6a56bab7307b201179d2da455c58ce2,2e102026a9356116de38acb1f5056bf5728afcd453e3447b516d4222f4d70b81,66bd89ebef12b21d578341e945d56ed315372b213e52c2cc07d2110543cc6a48
2009_004346,/root/tausb-sdh-runs/TAUSB-SDH-E2E-V0-S0-R4-SMOKE-M1/poisoned_datasets/tausb_sdh/steps40/seed0/images/train/2009_004346.png,0,0,0,0.00000000,0.00000000,0.00000000,99.000000,tausb_sdh,40,0,none,,,,,,,,,,,,,,,,,,
2009_004358,/root/tausb-sdh-runs/TAUSB-SDH-E2E-V0-S0-R4-SMOKE-M1/poisoned_datasets/tausb_sdh/steps40/seed0/images/train/2009_004358.png,0,0,0,0.00000000,0.00000000,0.00000000,99.000000,tausb_sdh,40,0,none,,,,,,,,,,,,,,,,,,
2009_004572,/root/tausb-sdh-runs/TAUSB-SDH-E2E-V0-S0-R4-SMOKE-M1/poisoned_datasets/tausb_sdh/steps40/seed0/images/train/2009_004572.png,0,0,0,0.00000000,0.00000000,0.00000000,99.000000,tausb_sdh,40,0,none,,,,,,,,,,,,,,,,,,
2009_004582,/root/tausb-sdh-runs/TAUSB-SDH-E2E-V0-S0-R4-SMOKE-M1/poisoned_datasets/tausb_sdh/steps40/seed0/images/train/2009_004582.png,1,1,1,0.74908800,0.74886400,0.06274387,29.621809,tausb_sdh,40,0,person_gt_bbox,bbacd12ee7167cffe95ef2e0f9f80ab5def7654d1e9bcb9f2faf5e746cb4f26d,cb4b9bba70701c118cc869738ca2713a049ec23b86e89238f32353b06bd4adaf,a25277499e07310e68a39277461f176dd0d8666e69a4b890328d7b913601ac3e,3cd05ad1ab6a546bf2afd5e63cb6c3ff6667064d80af129dd819325625b9d848,,TAUSB-SDH-E2E-V0-MAP50-v1,end_to_end_feasibility_not_formal_method,False,False,c6c994384a563506126065382e35c941ba0bb0b2a21cd1d2dea63373bffd5168,c7d1b120ffbadeb7385be41669dda704b00a2cee60940e3c3d97112e24e59246,a765e27a62bb1a1939aaae487ff6e61ec405f457056d2329c1c49f91e02c9f36,9506fb1a981cc5e072dc4176994608b14bb8c39363de615919a2a392fedf4280,fa0b99cb3df0ad834ab20373a877022a640d5ab67bb53099de229bf949c77358,65bf9568cc1859ad5a3f5f0f9ca121f0bc58d00b9146a430c1c5bb1d4a75e06c,b75bb7ad49efcea9dc0c872d3aa9e459e6a56bab7307b201179d2da455c58ce2,2e102026a9356116de38acb1f5056bf5728afcd453e3447b516d4222f4d70b81,66bd89ebef12b21d578341e945d56ed315372b213e52c2cc07d2110543cc6a48
2009_004626,/root/tausb-sdh-runs/TAUSB-SDH-E2E-V0-S0-R4-SMOKE-M1/poisoned_datasets/tausb_sdh/steps40/seed0/images/train/2009_004626.png,0,0,0,0.00000000,0.00000000,0.00000000,99.000000,tausb_sdh,40,0,none,,,,,,,,,,,,,,,,,,
2009_004796,/root/tausb-sdh-runs/TAUSB-SDH-E2E-V0-S0-R4-SMOKE-M1/poisoned_datasets/tausb_sdh/steps40/seed0/images/train/2009_004796.png,0,0,0,0.00000000,0.00000000,0.00000000,99.000000,tausb_sdh,40,0,none,,,,,,,,,,,,,,,,,,
2009_005037,/root/tausb-sdh-runs/TAUSB-SDH-E2E-V0-S0-R4-SMOKE-M1/poisoned_datasets/tausb_sdh/steps40/seed0/images/train/2009_005037.png,0,0,0,0.00000000,0.00000000,0.00000000,99.000000,tausb_sdh,40,0,none,,,,,,,,,,,,,,,,,,
2009_005081,/root/tausb-sdh-runs/TAUSB-SDH-E2E-V0-S0-R4-SMOKE-M1/poisoned_datasets/tausb_sdh/steps40/seed0/images/train/2009_005081.png,0,0,0,0.00000000,0.00000000,0.00000000,99.000000,tausb_sdh,40,0,none,,,,,,,,,,,,,,,,,,
2009_005211,/root/tausb-sdh-runs/TAUSB-SDH-E2E-V0-S0-R4-SMOKE-M1/poisoned_datasets/tausb_sdh/steps40/seed0/images/train/2009_005211.png,0,0,0,0.00000000,0.00000000,0.00000000,99.000000,tausb_sdh,40,0,none,,,,,,,,,,,,,,,,,,
2009_005265,/root/tausb-sdh-runs/TAUSB-SDH-E2E-V0-S0-R4-SMOKE-M1/poisoned_datasets/tausb_sdh/steps40/seed0/images/train/2009_005265.png,1,1,1,0.14089600,0.14061867,0.06271160,36.652785,tausb_sdh,40,0,person_gt_bbox,bbacd12ee7167cffe95ef2e0f9f80ab5def7654d1e9bcb9f2faf5e746cb4f26d,cb4b9bba70701c118cc869738ca2713a049ec23b86e89238f32353b06bd4adaf,a25277499e07310e68a39277461f176dd0d8666e69a4b890328d7b913601ac3e,3cd05ad1ab6a546bf2afd5e63cb6c3ff6667064d80af129dd819325625b9d848,,TAUSB-SDH-E2E-V0-MAP50-v1,end_to_end_feasibility_not_formal_method,False,False,c6c994384a563506126065382e35c941ba0bb0b2a21cd1d2dea63373bffd5168,c7d1b120ffbadeb7385be41669dda704b00a2cee60940e3c3d97112e24e59246,a765e27a62bb1a1939aaae487ff6e61ec405f457056d2329c1c49f91e02c9f36,9506fb1a981cc5e072dc4176994608b14bb8c39363de615919a2a392fedf4280,fa0b99cb3df0ad834ab20373a877022a640d5ab67bb53099de229bf949c77358,65bf9568cc1859ad5a3f5f0f9ca121f0bc58d00b9146a430c1c5bb1d4a75e06c,b75bb7ad49efcea9dc0c872d3aa9e459e6a56bab7307b201179d2da455c58ce2,2e102026a9356116de38acb1f5056bf5728afcd453e3447b516d4222f4d70b81,66bd89ebef12b21d578341e945d56ed315372b213e52c2cc07d2110543cc6a48
2009_005279,/root/tausb-sdh-runs/TAUSB-SDH-E2E-V0-S0-R4-SMOKE-M1/poisoned_datasets/tausb_sdh/steps40/seed0/images/train/2009_005279.png,1,1,1,0.16748087,0.16737158,0.06271422,36.951642,tausb_sdh,40,0,person_gt_bbox,bbacd12ee7167cffe95ef2e0f9f80ab5def7654d1e9bcb9f2faf5e746cb4f26d,cb4b9bba70701c118cc869738ca2713a049ec23b86e89238f32353b06bd4adaf,a25277499e07310e68a39277461f176dd0d8666e69a4b890328d7b913601ac3e,3cd05ad1ab6a546bf2afd5e63cb6c3ff6667064d80af129dd819325625b9d848,,TAUSB-SDH-E2E-V0-MAP50-v1,end_to_end_feasibility_not_formal_method,False,False,c6c994384a563506126065382e35c941ba0bb0b2a21cd1d2dea63373bffd5168,c7d1b120ffbadeb7385be41669dda704b00a2cee60940e3c3d97112e24e59246,a765e27a62bb1a1939aaae487ff6e61ec405f457056d2329c1c49f91e02c9f36,9506fb1a981cc5e072dc4176994608b14bb8c39363de615919a2a392fedf4280,fa0b99cb3df0ad834ab20373a877022a640d5ab67bb53099de229bf949c77358,65bf9568cc1859ad5a3f5f0f9ca121f0bc58d00b9146a430c1c5bb1d4a75e06c,b75bb7ad49efcea9dc0c872d3aa9e459e6a56bab7307b201179d2da455c58ce2,2e102026a9356116de38acb1f5056bf5728afcd453e3447b516d4222f4d70b81,66bd89ebef12b21d578341e945d56ed315372b213e52c2cc07d2110543cc6a48
2009_005293,/root/tausb-sdh-runs/TAUSB-SDH-E2E-V0-S0-R4-SMOKE-M1/poisoned_datasets/tausb_sdh/steps40/seed0/images/train/2009_005293.png,0,0,0,0.00000000,0.00000000,0.00000000,99.000000,tausb_sdh,40,0,none,,,,,,,,,,,,,,,,,,
2010_000110,/root/tausb-sdh-runs/TAUSB-SDH-E2E-V0-S0-R4-SMOKE-M1/poisoned_datasets/tausb_sdh/steps40/seed0/images/train/2010_000110.png,0,0,0,0.00000000,0.00000000,0.00000000,99.000000,tausb_sdh,40,0,none,,,,,,,,,,,,,,,,,,
2010_000224,/root/tausb-sdh-runs/TAUSB-SDH-E2E-V0-S0-R4-SMOKE-M1/poisoned_datasets/tausb_sdh/steps40/seed0/images/train/2010_000224.png,1,1,1,0.98702703,0.98639640,0.06274408,28.083594,tausb_sdh,40,0,person_gt_bbox,bbacd12ee7167cffe95ef2e0f9f80ab5def7654d1e9bcb9f2faf5e746cb4f26d,cb4b9bba70701c118cc869738ca2713a049ec23b86e89238f32353b06bd4adaf,a25277499e07310e68a39277461f176dd0d8666e69a4b890328d7b913601ac3e,3cd05ad1ab6a546bf2afd5e63cb6c3ff6667064d80af129dd819325625b9d848,,TAUSB-SDH-E2E-V0-MAP50-v1,end_to_end_feasibility_not_formal_method,False,False,c6c994384a563506126065382e35c941ba0bb0b2a21cd1d2dea63373bffd5168,c7d1b120ffbadeb7385be41669dda704b00a2cee60940e3c3d97112e24e59246,a765e27a62bb1a1939aaae487ff6e61ec405f457056d2329c1c49f91e02c9f36,9506fb1a981cc5e072dc4176994608b14bb8c39363de615919a2a392fedf4280,fa0b99cb3df0ad834ab20373a877022a640d5ab67bb53099de229bf949c77358,65bf9568cc1859ad5a3f5f0f9ca121f0bc58d00b9146a430c1c5bb1d4a75e06c,b75bb7ad49efcea9dc0c872d3aa9e459e6a56bab7307b201179d2da455c58ce2,2e102026a9356116de38acb1f5056bf5728afcd453e3447b516d4222f4d70b81,66bd89ebef12b21d578341e945d56ed315372b213e52c2cc07d2110543cc6a48
2010_000238,/root/tausb-sdh-runs/TAUSB-SDH-E2E-V0-S0-R4-SMOKE-M1/poisoned_datasets/tausb_sdh/steps40/seed0/images/train/2010_000238.png,1,1,1,0.06667868,0.06667267,0.06268075,40.006408,tausb_sdh,40,0,person_gt_bbox,bbacd12ee7167cffe95ef2e0f9f80ab5def7654d1e9bcb9f2faf5e746cb4f26d,cb4b9bba70701c118cc869738ca2713a049ec23b86e89238f32353b06bd4adaf,a25277499e07310e68a39277461f176dd0d8666e69a4b890328d7b913601ac3e,3cd05ad1ab6a546bf2afd5e63cb6c3ff6667064d80af129dd819325625b9d848,,TAUSB-SDH-E2E-V0-MAP50-v1,end_to_end_feasibility_not_formal_method,False,False,c6c994384a563506126065382e35c941ba0bb0b2a21cd1d2dea63373bffd5168,c7d1b120ffbadeb7385be41669dda704b00a2cee60940e3c3d97112e24e59246,a765e27a62bb1a1939aaae487ff6e61ec405f457056d2329c1c49f91e02c9f36,9506fb1a981cc5e072dc4176994608b14bb8c39363de615919a2a392fedf4280,fa0b99cb3df0ad834ab20373a877022a640d5ab67bb53099de229bf949c77358,65bf9568cc1859ad5a3f5f0f9ca121f0bc58d00b9146a430c1c5bb1d4a75e06c,b75bb7ad49efcea9dc0c872d3aa9e459e6a56bab7307b201179d2da455c58ce2,2e102026a9356116de38acb1f5056bf5728afcd453e3447b516d4222f4d70b81,66bd89ebef12b21d578341e945d56ed315372b213e52c2cc07d2110543cc6a48
2010_000241,/root/tausb-sdh-runs/TAUSB-SDH-E2E-V0-S0-R4-SMOKE-M1/poisoned_datasets/tausb_sdh/steps40/seed0/images/train/2010_000241.png,0,0,0,0.00000000,0.00000000,0.00000000,99.000000,tausb_sdh,40,0,none,,,,,,,,,,,,,,,,,,
2010_000349,/root/tausb-sdh-runs/TAUSB-SDH-E2E-V0-S0-R4-SMOKE-M1/poisoned_datasets/tausb_sdh/steps40/seed0/images/train/2010_000349.png,0,0,0,0.00000000,0.00000000,0.00000000,99.000000,tausb_sdh,40,0,none,,,,,,,,,,,,,,,,,,
2010_000379,/root/tausb-sdh-runs/TAUSB-SDH-E2E-V0-S0-R4-SMOKE-M1/poisoned_datasets/tausb_sdh/steps40/seed0/images/train/2010_000379.png,0,0,0,0.00000000,0.00000000,0.00000000,99.000000,tausb_sdh,40,0,none,,,,,,,,,,,,,,,,,,
2010_000665,/root/tausb-sdh-runs/TAUSB-SDH-E2E-V0-S0-R4-SMOKE-M1/poisoned_datasets/tausb_sdh/steps40/seed0/images/train/2010_000665.png,0,0,0,0.00000000,0.00000000,0.00000000,99.000000,tausb_sdh,40,0,none,,,,,,,,,,,,,,,,,,
2010_001025,/root/tausb-sdh-runs/TAUSB-SDH-E2E-V0-S0-R4-SMOKE-M1/poisoned_datasets/tausb_sdh/steps40/seed0/images/train/2010_001025.png,0,0,0,0.00000000,0.00000000,0.00000000,99.000000,tausb_sdh,40,0,none,,,,,,,,,,,,,,,,,,
2010_001364,/root/tausb-sdh-runs/TAUSB-SDH-E2E-V0-S0-R4-SMOKE-M1/poisoned_datasets/tausb_sdh/steps40/seed0/images/train/2010_001364.png,0,0,0,0.00000000,0.00000000,0.00000000,99.000000,tausb_sdh,40,0,none,,,,,,,,,,,,,,,,,,
2010_001405,/root/tausb-sdh-runs/TAUSB-SDH-E2E-V0-S0-R4-SMOKE-M1/poisoned_datasets/tausb_sdh/steps40/seed0/images/train/2010_001405.png,0,0,0,0.00000000,0.00000000,0.00000000,99.000000,tausb_sdh,40,0,none,,,,,,,,,,,,,,,,,,
2010_001410,/root/tausb-sdh-runs/TAUSB-SDH-E2E-V0-S0-R4-SMOKE-M1/poisoned_datasets/tausb_sdh/steps40/seed0/images/train/2010_001410.png,0,0,0,0.00000000,0.00000000,0.00000000,99.000000,tausb_sdh,40,0,none,,,,,,,,,,,,,,,,,,
2010_001481,/root/tausb-sdh-runs/TAUSB-SDH-E2E-V0-S0-R4-SMOKE-M1/poisoned_datasets/tausb_sdh/steps40/seed0/images/train/2010_001481.png,0,0,0,0.00000000,0.00000000,0.00000000,99.000000,tausb_sdh,40,0,none,,,,,,,,,,,,,,,,,,
2010_001511,/root/tausb-sdh-runs/TAUSB-SDH-E2E-V0-S0-R4-SMOKE-M1/poisoned_datasets/tausb_sdh/steps40/seed0/images/train/2010_001511.png,0,0,0,0.00000000,0.00000000,0.00000000,99.000000,tausb_sdh,40,0,none,,,,,,,,,,,,,,,,,,
2010_001569,/root/tausb-sdh-runs/TAUSB-SDH-E2E-V0-S0-R4-SMOKE-M1/poisoned_datasets/tausb_sdh/steps40/seed0/images/train/2010_001569.png,0,0,0,0.00000000,0.00000000,0.00000000,99.000000,tausb_sdh,40,0,none,,,,,,,,,,,,,,,,,,
2010_001595,/root/tausb-sdh-runs/TAUSB-SDH-E2E-V0-S0-R4-SMOKE-M1/poisoned_datasets/tausb_sdh/steps40/seed0/images/train/2010_001595.png,0,0,0,0.00000000,0.00000000,0.00000000,99.000000,tausb_sdh,40,0,none,,,,,,,,,,,,,,,,,,
2010_001868,/root/tausb-sdh-runs/TAUSB-SDH-E2E-V0-S0-R4-SMOKE-M1/poisoned_datasets/tausb_sdh/steps40/seed0/images/train/2010_001868.png,0,0,0,0.00000000,0.00000000,0.00000000,99.000000,tausb_sdh,40,0,none,,,,,,,,,,,,,,,,,,
2010_001893,/root/tausb-sdh-runs/TAUSB-SDH-E2E-V0-S0-R4-SMOKE-M1/poisoned_datasets/tausb_sdh/steps40/seed0/images/train/2010_001893.png,0,0,0,0.00000000,0.00000000,0.00000000,99.000000,tausb_sdh,40,0,none,,,,,,,,,,,,,,,,,,
2010_001987,/root/tausb-sdh-runs/TAUSB-SDH-E2E-V0-S0-R4-SMOKE-M1/poisoned_datasets/tausb_sdh/steps40/seed0/images/train/2010_001987.png,0,0,0,0.00000000,0.00000000,0.00000000,99.000000,tausb_sdh,40,0,none,,,,,,,,,,,,,,,,,,
2010_002057,/root/tausb-sdh-runs/TAUSB-SDH-E2E-V0-S0-R4-SMOKE-M1/poisoned_datasets/tausb_sdh/steps40/seed0/images/train/2010_002057.png,0,0,0,0.00000000,0.00000000,0.00000000,99.000000,tausb_sdh,40,0,none,,,,,,,,,,,,,,,,,,
2010_002104,/root/tausb-sdh-runs/TAUSB-SDH-E2E-V0-S0-R4-SMOKE-M1/poisoned_datasets/tausb_sdh/steps40/seed0/images/train/2010_002104.png,0,0,0,0.00000000,0.00000000,0.00000000,99.000000,tausb_sdh,40,0,none,,,,,,,,,,,,,,,,,,
2010_002520,/root/tausb-sdh-runs/TAUSB-SDH-E2E-V0-S0-R4-SMOKE-M1/poisoned_datasets/tausb_sdh/steps40/seed0/images/train/2010_002520.png,1,1,1,0.39463063,0.39440841,0.06273642,32.529462,tausb_sdh,40,0,person_gt_bbox,bbacd12ee7167cffe95ef2e0f9f80ab5def7654d1e9bcb9f2faf5e746cb4f26d,cb4b9bba70701c118cc869738ca2713a049ec23b86e89238f32353b06bd4adaf,a25277499e07310e68a39277461f176dd0d8666e69a4b890328d7b913601ac3e,3cd05ad1ab6a546bf2afd5e63cb6c3ff6667064d80af129dd819325625b9d848,,TAUSB-SDH-E2E-V0-MAP50-v1,end_to_end_feasibility_not_formal_method,False,False,c6c994384a563506126065382e35c941ba0bb0b2a21cd1d2dea63373bffd5168,c7d1b120ffbadeb7385be41669dda704b00a2cee60940e3c3d97112e24e59246,a765e27a62bb1a1939aaae487ff6e61ec405f457056d2329c1c49f91e02c9f36,9506fb1a981cc5e072dc4176994608b14bb8c39363de615919a2a392fedf4280,fa0b99cb3df0ad834ab20373a877022a640d5ab67bb53099de229bf949c77358,65bf9568cc1859ad5a3f5f0f9ca121f0bc58d00b9146a430c1c5bb1d4a75e06c,b75bb7ad49efcea9dc0c872d3aa9e459e6a56bab7307b201179d2da455c58ce2,2e102026a9356116de38acb1f5056bf5728afcd453e3447b516d4222f4d70b81,66bd89ebef12b21d578341e945d56ed315372b213e52c2cc07d2110543cc6a48
2010_002618,/root/tausb-sdh-runs/TAUSB-SDH-E2E-V0-S0-R4-SMOKE-M1/poisoned_datasets/tausb_sdh/steps40/seed0/images/train/2010_002618.png,1,1,1,0.31163733,0.31142400,0.06270802,34.078991,tausb_sdh,40,0,person_gt_bbox,bbacd12ee7167cffe95ef2e0f9f80ab5def7654d1e9bcb9f2faf5e746cb4f26d,cb4b9bba70701c118cc869738ca2713a049ec23b86e89238f32353b06bd4adaf,a25277499e07310e68a39277461f176dd0d8666e69a4b890328d7b913601ac3e,3cd05ad1ab6a546bf2afd5e63cb6c3ff6667064d80af129dd819325625b9d848,,TAUSB-SDH-E2E-V0-MAP50-v1,end_to_end_feasibility_not_formal_method,False,False,c6c994384a563506126065382e35c941ba0bb0b2a21cd1d2dea63373bffd5168,c7d1b120ffbadeb7385be41669dda704b00a2cee60940e3c3d97112e24e59246,a765e27a62bb1a1939aaae487ff6e61ec405f457056d2329c1c49f91e02c9f36,9506fb1a981cc5e072dc4176994608b14bb8c39363de615919a2a392fedf4280,fa0b99cb3df0ad834ab20373a877022a640d5ab67bb53099de229bf949c77358,65bf9568cc1859ad5a3f5f0f9ca121f0bc58d00b9146a430c1c5bb1d4a75e06c,b75bb7ad49efcea9dc0c872d3aa9e459e6a56bab7307b201179d2da455c58ce2,2e102026a9356116de38acb1f5056bf5728afcd453e3447b516d4222f4d70b81,66bd89ebef12b21d578341e945d56ed315372b213e52c2cc07d2110543cc6a48
2010_002716,/root/tausb-sdh-runs/TAUSB-SDH-E2E-V0-S0-R4-SMOKE-M1/poisoned_datasets/tausb_sdh/steps40/seed0/images/train/2010_002716.png,0,0,0,0.00000000,0.00000000,0.00000000,99.000000,tausb_sdh,40,0,none,,,,,,,,,,,,,,,,,,
2010_002725,/root/tausb-sdh-runs/TAUSB-SDH-E2E-V0-S0-R4-SMOKE-M1/poisoned_datasets/tausb_sdh/steps40/seed0/images/train/2010_002725.png,1,1,1,0.60523200,0.60502400,0.06274176,30.693155,tausb_sdh,40,0,person_gt_bbox,bbacd12ee7167cffe95ef2e0f9f80ab5def7654d1e9bcb9f2faf5e746cb4f26d,cb4b9bba70701c118cc869738ca2713a049ec23b86e89238f32353b06bd4adaf,a25277499e07310e68a39277461f176dd0d8666e69a4b890328d7b913601ac3e,3cd05ad1ab6a546bf2afd5e63cb6c3ff6667064d80af129dd819325625b9d848,,TAUSB-SDH-E2E-V0-MAP50-v1,end_to_end_feasibility_not_formal_method,False,False,c6c994384a563506126065382e35c941ba0bb0b2a21cd1d2dea63373bffd5168,c7d1b120ffbadeb7385be41669dda704b00a2cee60940e3c3d97112e24e59246,a765e27a62bb1a1939aaae487ff6e61ec405f457056d2329c1c49f91e02c9f36,9506fb1a981cc5e072dc4176994608b14bb8c39363de615919a2a392fedf4280,fa0b99cb3df0ad834ab20373a877022a640d5ab67bb53099de229bf949c77358,65bf9568cc1859ad5a3f5f0f9ca121f0bc58d00b9146a430c1c5bb1d4a75e06c,b75bb7ad49efcea9dc0c872d3aa9e459e6a56bab7307b201179d2da455c58ce2,2e102026a9356116de38acb1f5056bf5728afcd453e3447b516d4222f4d70b81,66bd89ebef12b21d578341e945d56ed315372b213e52c2cc07d2110543cc6a48
2010_003103,/root/tausb-sdh-runs/TAUSB-SDH-E2E-V0-S0-R4-SMOKE-M1/poisoned_datasets/tausb_sdh/steps40/seed0/images/train/2010_003103.png,0,0,0,0.00000000,0.00000000,0.00000000,99.000000,tausb_sdh,40,0,none,,,,,,,,,,,,,,,,,,
2010_003231,/root/tausb-sdh-runs/TAUSB-SDH-E2E-V0-S0-R4-SMOKE-M1/poisoned_datasets/tausb_sdh/steps40/seed0/images/train/2010_003231.png,0,0,0,0.00000000,0.00000000,0.00000000,99.000000,tausb_sdh,40,0,none,,,,,,,,,,,,,,,,,,
2010_003253,/root/tausb-sdh-runs/TAUSB-SDH-E2E-V0-S0-R4-SMOKE-M1/poisoned_datasets/tausb_sdh/steps40/seed0/images/train/2010_003253.png,0,0,0,0.00000000,0.00000000,0.00000000,99.000000,tausb_sdh,40,0,none,,,,,,,,,,,,,,,,,,
2010_003344,/root/tausb-sdh-runs/TAUSB-SDH-E2E-V0-S0-R4-SMOKE-M1/poisoned_datasets/tausb_sdh/steps40/seed0/images/train/2010_003344.png,0,0,0,0.00000000,0.00000000,0.00000000,99.000000,tausb_sdh,40,0,none,,,,,,,,,,,,,,,,,,
2010_003398,/root/tausb-sdh-runs/TAUSB-SDH-E2E-V0-S0-R4-SMOKE-M1/poisoned_datasets/tausb_sdh/steps40/seed0/images/train/2010_003398.png,0,0,0,0.00000000,0.00000000,0.00000000,99.000000,tausb_sdh,40,0,none,,,,,,,,,,,,,,,,,,
2010_003999,/root/tausb-sdh-runs/TAUSB-SDH-E2E-V0-S0-R4-SMOKE-M1/poisoned_datasets/tausb_sdh/steps40/seed0/images/train/2010_003999.png,0,0,0,0.00000000,0.00000000,0.00000000,99.000000,tausb_sdh,40,0,none,,,,,,,,,,,,,,,,,,
2010_004054,/root/tausb-sdh-runs/TAUSB-SDH-E2E-V0-S0-R4-SMOKE-M1/poisoned_datasets/tausb_sdh/steps40/seed0/images/train/2010_004054.png,0,0,0,0.00000000,0.00000000,0.00000000,99.000000,tausb_sdh,40,0,none,,,,,,,,,,,,,,,,,,
2010_004141,/root/tausb-sdh-runs/TAUSB-SDH-E2E-V0-S0-R4-SMOKE-M1/poisoned_datasets/tausb_sdh/steps40/seed0/images/train/2010_004141.png,1,1,1,0.11877632,0.11876316,0.06273958,37.166191,tausb_sdh,40,0,person_gt_bbox,bbacd12ee7167cffe95ef2e0f9f80ab5def7654d1e9bcb9f2faf5e746cb4f26d,cb4b9bba70701c118cc869738ca2713a049ec23b86e89238f32353b06bd4adaf,a25277499e07310e68a39277461f176dd0d8666e69a4b890328d7b913601ac3e,3cd05ad1ab6a546bf2afd5e63cb6c3ff6667064d80af129dd819325625b9d848,,TAUSB-SDH-E2E-V0-MAP50-v1,end_to_end_feasibility_not_formal_method,False,False,c6c994384a563506126065382e35c941ba0bb0b2a21cd1d2dea63373bffd5168,c7d1b120ffbadeb7385be41669dda704b00a2cee60940e3c3d97112e24e59246,a765e27a62bb1a1939aaae487ff6e61ec405f457056d2329c1c49f91e02c9f36,9506fb1a981cc5e072dc4176994608b14bb8c39363de615919a2a392fedf4280,fa0b99cb3df0ad834ab20373a877022a640d5ab67bb53099de229bf949c77358,65bf9568cc1859ad5a3f5f0f9ca121f0bc58d00b9146a430c1c5bb1d4a75e06c,b75bb7ad49efcea9dc0c872d3aa9e459e6a56bab7307b201179d2da455c58ce2,2e102026a9356116de38acb1f5056bf5728afcd453e3447b516d4222f4d70b81,66bd89ebef12b21d578341e945d56ed315372b213e52c2cc07d2110543cc6a48
2010_004311,/root/tausb-sdh-runs/TAUSB-SDH-E2E-V0-S0-R4-SMOKE-M1/poisoned_datasets/tausb_sdh/steps40/seed0/images/train/2010_004311.png,0,0,0,0.00000000,0.00000000,0.00000000,99.000000,tausb_sdh,40,0,none,,,,,,,,,,,,,,,,,,
2010_004631,/root/tausb-sdh-runs/TAUSB-SDH-E2E-V0-S0-R4-SMOKE-M1/poisoned_datasets/tausb_sdh/steps40/seed0/images/train/2010_004631.png,0,0,0,0.00000000,0.00000000,0.00000000,99.000000,tausb_sdh,40,0,none,,,,,,,,,,,,,,,,,,
2010_004854,/root/tausb-sdh-runs/TAUSB-SDH-E2E-V0-S0-R4-SMOKE-M1/poisoned_datasets/tausb_sdh/steps40/seed0/images/train/2010_004854.png,1,1,1,0.03859459,0.03858258,0.06272662,42.563864,tausb_sdh,40,0,person_gt_bbox,bbacd12ee7167cffe95ef2e0f9f80ab5def7654d1e9bcb9f2faf5e746cb4f26d,cb4b9bba70701c118cc869738ca2713a049ec23b86e89238f32353b06bd4adaf,a25277499e07310e68a39277461f176dd0d8666e69a4b890328d7b913601ac3e,3cd05ad1ab6a546bf2afd5e63cb6c3ff6667064d80af129dd819325625b9d848,,TAUSB-SDH-E2E-V0-MAP50-v1,end_to_end_feasibility_not_formal_method,False,False,c6c994384a563506126065382e35c941ba0bb0b2a21cd1d2dea63373bffd5168,c7d1b120ffbadeb7385be41669dda704b00a2cee60940e3c3d97112e24e59246,a765e27a62bb1a1939aaae487ff6e61ec405f457056d2329c1c49f91e02c9f36,9506fb1a981cc5e072dc4176994608b14bb8c39363de615919a2a392fedf4280,fa0b99cb3df0ad834ab20373a877022a640d5ab67bb53099de229bf949c77358,65bf9568cc1859ad5a3f5f0f9ca121f0bc58d00b9146a430c1c5bb1d4a75e06c,b75bb7ad49efcea9dc0c872d3aa9e459e6a56bab7307b201179d2da455c58ce2,2e102026a9356116de38acb1f5056bf5728afcd453e3447b516d4222f4d70b81,66bd89ebef12b21d578341e945d56ed315372b213e52c2cc07d2110543cc6a48
2010_004900,/root/tausb-sdh-runs/TAUSB-SDH-E2E-V0-S0-R4-SMOKE-M1/poisoned_datasets/tausb_sdh/steps40/seed0/images/train/2010_004900.png,0,0,0,0.00000000,0.00000000,0.00000000,99.000000,tausb_sdh,40,0,none,,,,,,,,,,,,,,,,,,
2010_005497,/root/tausb-sdh-runs/TAUSB-SDH-E2E-V0-S0-R4-SMOKE-M1/poisoned_datasets/tausb_sdh/steps40/seed0/images/train/2010_005497.png,0,0,0,0.00000000,0.00000000,0.00000000,99.000000,tausb_sdh,40,0,none,,,,,,,,,,,,,,,,,,
2010_005647,/root/tausb-sdh-runs/TAUSB-SDH-E2E-V0-S0-R4-SMOKE-M1/poisoned_datasets/tausb_sdh/steps40/seed0/images/train/2010_005647.png,0,0,0,0.00000000,0.00000000,0.00000000,99.000000,tausb_sdh,40,0,none,,,,,,,,,,,,,,,,,,
2010_005657,/root/tausb-sdh-runs/TAUSB-SDH-E2E-V0-S0-R4-SMOKE-M1/poisoned_datasets/tausb_sdh/steps40/seed0/images/train/2010_005657.png,1,1,1,0.78589867,0.78576533,0.06273776,29.364798,tausb_sdh,40,0,person_gt_bbox,bbacd12ee7167cffe95ef2e0f9f80ab5def7654d1e9bcb9f2faf5e746cb4f26d,cb4b9bba70701c118cc869738ca2713a049ec23b86e89238f32353b06bd4adaf,a25277499e07310e68a39277461f176dd0d8666e69a4b890328d7b913601ac3e,3cd05ad1ab6a546bf2afd5e63cb6c3ff6667064d80af129dd819325625b9d848,,TAUSB-SDH-E2E-V0-MAP50-v1,end_to_end_feasibility_not_formal_method,False,False,c6c994384a563506126065382e35c941ba0bb0b2a21cd1d2dea63373bffd5168,c7d1b120ffbadeb7385be41669dda704b00a2cee60940e3c3d97112e24e59246,a765e27a62bb1a1939aaae487ff6e61ec405f457056d2329c1c49f91e02c9f36,9506fb1a981cc5e072dc4176994608b14bb8c39363de615919a2a392fedf4280,fa0b99cb3df0ad834ab20373a877022a640d5ab67bb53099de229bf949c77358,65bf9568cc1859ad5a3f5f0f9ca121f0bc58d00b9146a430c1c5bb1d4a75e06c,b75bb7ad49efcea9dc0c872d3aa9e459e6a56bab7307b201179d2da455c58ce2,2e102026a9356116de38acb1f5056bf5728afcd453e3447b516d4222f4d70b81,66bd89ebef12b21d578341e945d56ed315372b213e52c2cc07d2110543cc6a48
2010_005678,/root/tausb-sdh-runs/TAUSB-SDH-E2E-V0-S0-R4-SMOKE-M1/poisoned_datasets/tausb_sdh/steps40/seed0/images/train/2010_005678.png,0,0,0,0.00000000,0.00000000,0.00000000,99.000000,tausb_sdh,40,0,none,,,,,,,,,,,,,,,,,,
2010_005876,/root/tausb-sdh-runs/TAUSB-SDH-E2E-V0-S0-R4-SMOKE-M1/poisoned_datasets/tausb_sdh/steps40/seed0/images/train/2010_005876.png,1,1,1,0.21795200,0.21770133,0.06273751,35.087939,tausb_sdh,40,0,person_gt_bbox,bbacd12ee7167cffe95ef2e0f9f80ab5def7654d1e9bcb9f2faf5e746cb4f26d,cb4b9bba70701c118cc869738ca2713a049ec23b86e89238f32353b06bd4adaf,a25277499e07310e68a39277461f176dd0d8666e69a4b890328d7b913601ac3e,3cd05ad1ab6a546bf2afd5e63cb6c3ff6667064d80af129dd819325625b9d848,,TAUSB-SDH-E2E-V0-MAP50-v1,end_to_end_feasibility_not_formal_method,False,False,c6c994384a563506126065382e35c941ba0bb0b2a21cd1d2dea63373bffd5168,c7d1b120ffbadeb7385be41669dda704b00a2cee60940e3c3d97112e24e59246,a765e27a62bb1a1939aaae487ff6e61ec405f457056d2329c1c49f91e02c9f36,9506fb1a981cc5e072dc4176994608b14bb8c39363de615919a2a392fedf4280,fa0b99cb3df0ad834ab20373a877022a640d5ab67bb53099de229bf949c77358,65bf9568cc1859ad5a3f5f0f9ca121f0bc58d00b9146a430c1c5bb1d4a75e06c,b75bb7ad49efcea9dc0c872d3aa9e459e6a56bab7307b201179d2da455c58ce2,2e102026a9356116de38acb1f5056bf5728afcd453e3447b516d4222f4d70b81,66bd89ebef12b21d578341e945d56ed315372b213e52c2cc07d2110543cc6a48
2010_006040,/root/tausb-sdh-runs/TAUSB-SDH-E2E-V0-S0-R4-SMOKE-M1/poisoned_datasets/tausb_sdh/steps40/seed0/images/train/2010_006040.png,0,0,0,0.00000000,0.00000000,0.00000000,99.000000,tausb_sdh,40,0,none,,,,,,,,,,,,,,,,,,
2011_000086,/root/tausb-sdh-runs/TAUSB-SDH-E2E-V0-S0-R4-SMOKE-M1/poisoned_datasets/tausb_sdh/steps40/seed0/images/train/2011_000086.png,0,0,0,0.00000000,0.00000000,0.00000000,99.000000,tausb_sdh,40,0,none,,,,,,,,,,,,,,,,,,
2011_000090,/root/tausb-sdh-runs/TAUSB-SDH-E2E-V0-S0-R4-SMOKE-M1/poisoned_datasets/tausb_sdh/steps40/seed0/images/train/2011_000090.png,0,0,0,0.00000000,0.00000000,0.00000000,99.000000,tausb_sdh,40,0,none,,,,,,,,,,,,,,,,,,
2011_000109,/root/tausb-sdh-runs/TAUSB-SDH-E2E-V0-S0-R4-SMOKE-M1/poisoned_datasets/tausb_sdh/steps40/seed0/images/train/2011_000109.png,0,0,0,0.00000000,0.00000000,0.00000000,99.000000,tausb_sdh,40,0,none,,,,,,,,,,,,,,,,,,
2011_000569,/root/tausb-sdh-runs/TAUSB-SDH-E2E-V0-S0-R4-SMOKE-M1/poisoned_datasets/tausb_sdh/steps40/seed0/images/train/2011_000569.png,0,0,0,0.00000000,0.00000000,0.00000000,99.000000,tausb_sdh,40,0,none,,,,,,,,,,,,,,,,,,
2011_000703,/root/tausb-sdh-runs/TAUSB-SDH-E2E-V0-S0-R4-SMOKE-M1/poisoned_datasets/tausb_sdh/steps40/seed0/images/train/2011_000703.png,0,0,0,0.00000000,0.00000000,0.00000000,99.000000,tausb_sdh,40,0,none,,,,,,,,,,,,,,,,,,
2011_000831,/root/tausb-sdh-runs/TAUSB-SDH-E2E-V0-S0-R4-SMOKE-M1/poisoned_datasets/tausb_sdh/steps40/seed0/images/train/2011_000831.png,0,0,0,0.00000000,0.00000000,0.00000000,99.000000,tausb_sdh,40,0,none,,,,,,,,,,,,,,,,,,
2011_000855,/root/tausb-sdh-runs/TAUSB-SDH-E2E-V0-S0-R4-SMOKE-M1/poisoned_datasets/tausb_sdh/steps40/seed0/images/train/2011_000855.png,0,0,0,0.00000000,0.00000000,0.00000000,99.000000,tausb_sdh,40,0,none,,,,,,,,,,,,,,,,,,
2011_001008,/root/tausb-sdh-runs/TAUSB-SDH-E2E-V0-S0-R4-SMOKE-M1/poisoned_datasets/tausb_sdh/steps40/seed0/images/train/2011_001008.png,1,1,1,0.39077333,0.39051200,0.06274042,32.418059,tausb_sdh,40,0,person_gt_bbox,bbacd12ee7167cffe95ef2e0f9f80ab5def7654d1e9bcb9f2faf5e746cb4f26d,cb4b9bba70701c118cc869738ca2713a049ec23b86e89238f32353b06bd4adaf,a25277499e07310e68a39277461f176dd0d8666e69a4b890328d7b913601ac3e,3cd05ad1ab6a546bf2afd5e63cb6c3ff6667064d80af129dd819325625b9d848,,TAUSB-SDH-E2E-V0-MAP50-v1,end_to_end_feasibility_not_formal_method,False,False,c6c994384a563506126065382e35c941ba0bb0b2a21cd1d2dea63373bffd5168,c7d1b120ffbadeb7385be41669dda704b00a2cee60940e3c3d97112e24e59246,a765e27a62bb1a1939aaae487ff6e61ec405f457056d2329c1c49f91e02c9f36,9506fb1a981cc5e072dc4176994608b14bb8c39363de615919a2a392fedf4280,fa0b99cb3df0ad834ab20373a877022a640d5ab67bb53099de229bf949c77358,65bf9568cc1859ad5a3f5f0f9ca121f0bc58d00b9146a430c1c5bb1d4a75e06c,b75bb7ad49efcea9dc0c872d3aa9e459e6a56bab7307b201179d2da455c58ce2,2e102026a9356116de38acb1f5056bf5728afcd453e3447b516d4222f4d70b81,66bd89ebef12b21d578341e945d56ed315372b213e52c2cc07d2110543cc6a48
2011_001069,/root/tausb-sdh-runs/TAUSB-SDH-E2E-V0-S0-R4-SMOKE-M1/poisoned_datasets/tausb_sdh/steps40/seed0/images/train/2011_001069.png,1,1,1,0.91801600,0.91782933,0.06273633,28.819216,tausb_sdh,40,0,person_gt_bbox,bbacd12ee7167cffe95ef2e0f9f80ab5def7654d1e9bcb9f2faf5e746cb4f26d,cb4b9bba70701c118cc869738ca2713a049ec23b86e89238f32353b06bd4adaf,a25277499e07310e68a39277461f176dd0d8666e69a4b890328d7b913601ac3e,3cd05ad1ab6a546bf2afd5e63cb6c3ff6667064d80af129dd819325625b9d848,,TAUSB-SDH-E2E-V0-MAP50-v1,end_to_end_feasibility_not_formal_method,False,False,c6c994384a563506126065382e35c941ba0bb0b2a21cd1d2dea63373bffd5168,c7d1b120ffbadeb7385be41669dda704b00a2cee60940e3c3d97112e24e59246,a765e27a62bb1a1939aaae487ff6e61ec405f457056d2329c1c49f91e02c9f36,9506fb1a981cc5e072dc4176994608b14bb8c39363de615919a2a392fedf4280,fa0b99cb3df0ad834ab20373a877022a640d5ab67bb53099de229bf949c77358,65bf9568cc1859ad5a3f5f0f9ca121f0bc58d00b9146a430c1c5bb1d4a75e06c,b75bb7ad49efcea9dc0c872d3aa9e459e6a56bab7307b201179d2da455c58ce2,2e102026a9356116de38acb1f5056bf5728afcd453e3447b516d4222f4d70b81,66bd89ebef12b21d578341e945d56ed315372b213e52c2cc07d2110543cc6a48
2011_001251,/root/tausb-sdh-runs/TAUSB-SDH-E2E-V0-S0-R4-SMOKE-M1/poisoned_datasets/tausb_sdh/steps40/seed0/images/train/2011_001251.png,0,0,0,0.00000000,0.00000000,0.00000000,99.000000,tausb_sdh,40,0,none,,,,,,,,,,,,,,,,,,
2011_001507,/root/tausb-sdh-runs/TAUSB-SDH-E2E-V0-S0-R4-SMOKE-M1/poisoned_datasets/tausb_sdh/steps40/seed0/images/train/2011_001507.png,0,0,0,0.00000000,0.00000000,0.00000000,99.000000,tausb_sdh,40,0,none,,,,,,,,,,,,,,,,,,
2011_001601,/root/tausb-sdh-runs/TAUSB-SDH-E2E-V0-S0-R4-SMOKE-M1/poisoned_datasets/tausb_sdh/steps40/seed0/images/train/2011_001601.png,0,0,0,0.00000000,0.00000000,0.00000000,99.000000,tausb_sdh,40,0,none,,,,,,,,,,,,,,,,,,
2011_001663,/root/tausb-sdh-runs/TAUSB-SDH-E2E-V0-S0-R4-SMOKE-M1/poisoned_datasets/tausb_sdh/steps40/seed0/images/train/2011_001663.png,0,0,0,0.00000000,0.00000000,0.00000000,99.000000,tausb_sdh,40,0,none,,,,,,,,,,,,,,,,,,
2011_001856,/root/tausb-sdh-runs/TAUSB-SDH-E2E-V0-S0-R4-SMOKE-M1/poisoned_datasets/tausb_sdh/steps40/seed0/images/train/2011_001856.png,0,0,0,0.00000000,0.00000000,0.00000000,99.000000,tausb_sdh,40,0,none,,,,,,,,,,,,,,,,,,
2011_002034,/root/tausb-sdh-runs/TAUSB-SDH-E2E-V0-S0-R4-SMOKE-M1/poisoned_datasets/tausb_sdh/steps40/seed0/images/train/2011_002034.png,0,0,0,0.00000000,0.00000000,0.00000000,99.000000,tausb_sdh,40,0,none,,,,,,,,,,,,,,,,,,
2011_002294,/root/tausb-sdh-runs/TAUSB-SDH-E2E-V0-S0-R4-SMOKE-M1/poisoned_datasets/tausb_sdh/steps40/seed0/images/train/2011_002294.png,0,0,0,0.00000000,0.00000000,0.00000000,99.000000,tausb_sdh,40,0,none,,,,,,,,,,,,,,,,,,
2011_002717,/root/tausb-sdh-runs/TAUSB-SDH-E2E-V0-S0-R4-SMOKE-M1/poisoned_datasets/tausb_sdh/steps40/seed0/images/train/2011_002717.png,0,0,0,0.00000000,0.00000000,0.00000000,99.000000,tausb_sdh,40,0,none,,,,,,,,,,,,,,,,,,
2011_002719,/root/tausb-sdh-runs/TAUSB-SDH-E2E-V0-S0-R4-SMOKE-M1/poisoned_datasets/tausb_sdh/steps40/seed0/images/train/2011_002719.png,0,0,0,0.00000000,0.00000000,0.00000000,99.000000,tausb_sdh,40,0,none,,,,,,,,,,,,,,,,,,
2011_002805,/root/tausb-sdh-runs/TAUSB-SDH-E2E-V0-S0-R4-SMOKE-M1/poisoned_datasets/tausb_sdh/steps40/seed0/images/train/2011_002805.png,0,0,0,0.00000000,0.00000000,0.00000000,99.000000,tausb_sdh,40,0,none,,,,,,,,,,,,,,,,,,
2011_002953,/root/tausb-sdh-runs/TAUSB-SDH-E2E-V0-S0-R4-SMOKE-M1/poisoned_datasets/tausb_sdh/steps40/seed0/images/train/2011_002953.png,0,0,0,0.00000000,0.00000000,0.00000000,99.000000,tausb_sdh,40,0,none,,,,,,,,,,,,,,,,,,
