epoch,align_clean_topk,align_adv_topk,L_entangle_bg,L_anchor,L_collapse_aux,alsi_score,cos_t_conf,cos_t_clean,M_conf_sum,rlcp_conf_mass,rlcp_trim_keep_ratio,rlcp_core_exclusion_ratio,rlcp_adaptive_inner_mean,rlcp_adaptive_outer_mean,rlcp_adaptive_inner_min,rlcp_adaptive_outer_max,confounder_purity_ratio,overlap_ratio,preserve_loss,L_margin,margin_clean_mean,margin_adv_mean,gate_positive_ratio,pag_positive_ratio,pag_threshold,pag_mean_target_score,pag_fallback_count,perturbed_area_ratio_mean,L_tv,L_budget,L_total,L_tsvc,L_sem,sld_score,mean_abs_delta,max_abs_delta,saturation_ratio,support_prebaked_ratio,support_fallback_ratio,support_empty_ratio,raw_instance_area_ratio,final_support_area_ratio,ring_added_area_ratio,pixel_support_area_ratio,ring_area_ratio,ring_safe_area_ratio,topology_context_overlap_ratio,raw_core_delta_abs_mean,raw_ring_delta_abs_mean,raw_ring_to_core_ratio,eff_core_delta_abs_mean,eff_ring_delta_abs_mean,eff_ring_to_core_ratio,core_delta_abs_mean,ring_delta_abs_mean,effective_ring_to_core_ratio,core_grad_abs_mean,ring_grad_abs_mean,ring_grad_to_core_ratio,grad_snr_M_AL,cos_t_conf_clean,cos_t_conf_adv,cos_t_conf_drift,target_feature_norm_clean,target_feature_norm_adv,context_feature_norm_clean,context_feature_norm_adv,target_logit_clean_mean,target_logit_adv_mean,target_prob_clean_mean,target_prob_adv_mean,frozen_assignment_guidance_enabled,freeze_assignment_epoch,ring_weight,topology_ring_weight,diag_p3_topology_sum,diag_p3_assign_sum,diag_p3_M_AL_sum,diag_p3_overlap_ratio,diag_p3_M_AL_density,diag_p3_pag_units,diag_p4_topology_sum,diag_p4_assign_sum,diag_p4_M_AL_sum,diag_p4_overlap_ratio,diag_p4_M_AL_density,diag_p4_pag_units,diag_p5_topology_sum,diag_p5_assign_sum,diag_p5_M_AL_sum,diag_p5_overlap_ratio,diag_p5_M_AL_density,diag_p5_pag_units,grad_norm_fourier,grad_norm_suppress,support_source,freq_mode,freq_active_num_bases,freq_candidate_num_bases,freq_score_top_mean,freq_score_max,freq_score_min,active_basis_indices
1,0.02245887715780125,0.020348439149538988,3.8151742060353437,0.5600152689318256,0.17731572423628936,2244288.9970004773,0.5642070735161855,0.9322850576301263,2763.538395144912,256712.97112860892,0.9236571507060729,0.12476999648109487,13.660112979413595,32.21580564920282,8.03983035209196,36.0,0.8629149479047445,0.950325685107915,0.006676766654144082,0.005133003640414693,0.41357947273908324,0.3975153962966651,0.011904762126505375,0.5343659166269891,0.7756266490148154,0.7521251167284895,4.74015748031496,0.10761227435249043,0.01858288082453053,0.4880521412831279,71.69669957799236,0.17731572423628936,0.5600152689318256,2244288.9970004773,0.004697435046301719,0.0627450942993164,0.058117401654150073,1.0,0.0,0.0,0.15890670852025848,0.15890670852025848,0.0,0.10925669782352573,0.03655147630711553,0.03110122065648945,0.0,0.08053852595921722,0.0,0.0,0.04298258983905206,0.0,0.0,0.04298258983905206,0.0,0.0,nan,nan,nan,nan,0.5224551508921808,0.5676013558177389,0.045146204644539854,5.979519369408217,5.594253010950065,3.9711704671852215,3.961640480361482,nan,nan,nan,nan,0.0,0.0,0.25,0.25,16767.286089238845,44.40419947506562,44.26902887139108,0.9883673519982918,0.0028387376289846027,44.40419947506562,4200.3385826771655,64.66535433070867,62.42125984251968,0.9630877747147262,0.01551263574458154,64.66535433070867,1052.9107611548557,77.01837270341207,69.41863517060368,0.8995219286107277,0.06648865152094376,77.01837270341207,3.42889404296875,-1.0,prebaked,explore,16,64,0.6649829149246216,0.7851318120956421,0.13439330458641052,"[0, 1, 2, 3, 4, 5, 6, 7, 8, 9, 10, 11, 12, 13, 14, 15]"
2,0.02234547365923703,0.02002721286215025,3.6780872276135943,0.6259858310222626,0.17340950986609996,2188303.8524288014,0.5713099552095195,0.92398871112214,2764.8156806098086,256467.1627296588,0.9236001555062338,0.1251148415552453,13.652895963469462,32.19763642052307,8.04716788979917,36.0,0.8626094413891258,0.9514674439099541,0.007195959371829948,0.0056625117846086145,0.4142819825080749,0.3966933476330414,0.011904762126505375,0.5345549306626876,0.7741840980924135,0.7511672923258265,4.688976377952756,0.10883411563678676,0.02000340149833227,0.4961988367433623,69.51560949090272,0.17340950986609996,0.6259858310222626,2188303.8524288014,0.004897883815172659,0.0627450942993164,0.06297543630238593,1.0,0.0,0.0,0.158905291573273,0.158905291573273,0.0,0.10934799753149038,0.03659023625135735,0.031127026167715316,0.0,0.08731511567562938,0.0,0.0,0.04478152494976088,0.0,0.0,0.04478152494976088,0.0,0.0,nan,nan,nan,nan,0.5245417999235664,0.5753222362406406,0.05078043729847768,5.964838602140298,5.539946604755397,3.969818208422039,3.9588129195432744,nan,nan,nan,nan,0.0,0.0,0.25,0.25,16782.50656167979,44.63385826771653,44.47244094488189,0.9888071819333251,0.0028666313141388127,44.63385826771653,4204.034120734908,64.44881889763779,62.267716535433074,0.9651849133872457,0.015549795528256874,64.44881889763779,1053.8608923884515,76.9737532808399,69.4028871391076,0.900410236409292,0.0666103981132148,76.9737532808399,2.274834632873535,-1.0,prebaked,explore,16,64,0.6716389060020447,0.7864885926246643,0.07299604266881943,"[0, 1, 2, 3, 4, 5, 6, 7, 8, 9, 10, 11, 12, 13, 14, 15]"
3,0.022365248526184968,0.020078922822347932,3.6648482531700233,0.6345109964997124,0.171971553169054,2194004.329870124,0.5713269932428574,0.9225500056019812,2769.3712019365503,256372.4750656168,0.9235604137104014,0.12502085816994396,13.661800558871693,32.21067932934853,8.064523253692421,36.0,0.8626984228508596,0.9502654392968394,0.007297711008108585,0.005758299049325507,0.41254779845085043,0.39510440226067395,0.011904762126505375,0.5345339199699523,0.7718519269062084,0.7489359186873625,4.725721784776903,0.10910000722474,0.021299634780245894,0.5210907467081165,69.3117516084606,0.171971553169054,0.6345109964997124,2194004.329870124,0.004970517310770986,0.0627450942993164,0.06513607235542276,1.0,0.0,0.0,0.15890982648163265,0.15890982648163265,0.0,0.10960468942216375,0.036679484404799505,0.031204447614669485,0.0,0.09330566079479742,0.0,0.0,0.045367331254350635,0.0,0.0,0.045367331254350635,0.0,0.0,nan,nan,nan,nan,0.5237246622752693,0.5750585129111353,0.0513338503127653,5.960551838653713,5.533904708485168,3.9710628818965015,3.9602142021203415,nan,nan,nan,nan,0.0,0.0,0.25,0.25,16821.202099737533,44.612860892388454,44.4750656167979,0.9854019265115557,0.0028314149833294756,44.612860892388454,4213.396325459317,64.33595800524934,62.13517060367454,0.96531277243873,0.015386643245690293,64.33595800524934,1056.2178477690288,77.10104986876641,69.49475065616798,0.9000816189402336,0.06640783078504867,77.10104986876641,3.679830551147461,-1.0,prebaked,explore,16,64,0.6741734743118286,0.7862452268600464,0.050135597586631775,"[0, 1, 2, 3, 4, 5, 6, 7, 8, 9, 10, 11, 12, 13, 14, 15]"
4,0.022477706096176636,0.020122153656997196,3.644610479434957,0.6563597710661375,0.17291212298973338,2172700.6510472097,0.5728917770472309,0.9220680047937994,2762.0117398826906,256754.1653543307,0.9235269268510218,0.12522770930020033,13.643956553417961,32.18508403582479,8.055490924762754,36.0,0.8625379831310139,0.9525077410893341,0.0073890442070196774,0.005846372399819994,0.41218014579667195,0.3939214633909736,0.011904762126505375,0.5351132485733284,0.7765202562072003,0.7527074169757783,4.7047244094488185,0.10866476676556382,0.021653171342716913,0.5289315999023557,69.04852060633381,0.17291212298973338,0.6563597710661375,2172700.6510472097,0.005007290957236462,0.0627450942993164,0.06659617969213821,1.0,0.0,0.0,0.15891575931028118,0.15891575931028118,0.0,0.10915821374166669,0.03652472811655735,0.031073426891343174,0.0,0.096534337269342,0.0,0.0,0.04588265221115446,0.0,0.0,0.04588265221115446,0.0,0.0,nan,nan,nan,nan,0.5238519910582826,0.5768269729765487,0.052974981667461965,5.978072444284997,5.533107206681686,3.969164870855378,3.9574424424196466,nan,nan,nan,nan,0.0,0.0,0.25,0.25,16751.992125984252,44.43963254593176,44.29002624671916,0.9939051629336403,0.0027956667386168877,44.43963254593176,4196.4488188976375,64.56955380577428,62.318897637795274,0.9642464761986849,0.015547465284182075,64.56955380577428,1052.0498687664042,77.02099737532808,69.3753280839895,0.8993715841356779,0.06653975816022374,77.02099737532808,3.3792529106140137,-1.0,prebaked,explore,16,64,0.6792278289794922,0.8053905963897705,0.03820086643099785,"[0, 1, 2, 3, 4, 5, 6, 7, 8, 9, 10, 11, 12, 13, 14, 15]"
5,0.02246384478108151,0.02013257883912016,3.6501611630747637,0.6506750497996338,0.1708109574367994,2267994.059578347,0.5719981958807712,0.9216725414819297,2762.6928337410905,256808.81364829396,0.9236482056941474,0.12500706062401865,13.670834931923974,32.224213572498066,8.05086574999604,36.0,0.8627418575738758,0.9506473482145624,0.007389717390076343,0.005806928598538917,0.4132677128934485,0.3960941914381005,0.011904762126505375,0.5346519529604915,0.775745134762951,0.7527955923500054,4.746719160104987,0.1086779010538354,0.02284394797143035,0.5479708547041485,69.11696927128189,0.1708109574367994,0.6506750497996338,2267994.059578347,0.005057223100860523,0.0627450942993164,0.06824408812824823,1.0,0.0,0.0,0.15892557353193137,0.15892557353193137,0.0,0.10916145151759696,0.03650979642460509,0.031054976726258832,0.0,0.10206210033459602,0.0,0.0,0.046347760315692405,0.0,0.0,0.046347760315692405,0.0,0.0,nan,nan,nan,nan,0.5231032078125869,0.5761353041282478,0.053032096529120866,5.964598325815312,5.5227536649320195,3.9681020750878475,3.9557675110699333,nan,nan,nan,nan,0.0,0.0,0.25,0.25,16750.6062992126,44.53280839895013,44.3989501312336,0.988836471102735,0.002810539800028484,44.53280839895013,4196.191601049869,64.59317585301837,62.41863517060367,0.9641236197540988,0.01553770913725644,64.59317585301837,1051.98687664042,77.03805774278216,69.39238845144357,0.8989819537868531,0.06665071403831407,77.03805774278216,4.266058444976807,-1.0,prebaked,explore,16,64,0.6864197850227356,0.8047109842300415,0.03083585947751999,"[10, 34, 37, 39, 40, 46, 47, 48, 49, 51, 52, 53, 54, 55, 61, 63]"
6,0.022559242406151113,0.020955262500963853,3.888312195229718,0.482355506675137,0.17812288775453416,2186857.6833639895,0.5656066147817507,0.9414635162158485,2760.804512497844,257050.44094488188,0.9234585070912495,0.12499650918766482,13.645899784432846,32.188682932629895,8.041701019588457,36.0,0.8627236248752548,0.9530829776512998,0.006363881826144093,0.004482798945834028,0.41564213783722226,0.40161861942743693,0.011904762126505375,0.5349332628598678,0.776874574960351,0.7545299681361383,4.6430446194225725,0.10853672547759659,0.022016867098161398,0.6260354162201168,72.66564619009263,0.17812288775453416,0.482355506675137,2186857.6833639895,0.005155200430795824,0.0627450942993164,0.071600086537246,1.0,0.0,0.0,0.15892197466767946,0.15892197466767946,0.0,0.10900347867584605,0.036450763074118944,0.03101158750260596,0.0,0.12000876612183309,0.0,0.0,0.04727791023928017,0.0,0.0,0.04727791023928017,0.0,0.0,nan,nan,nan,nan,0.5247724280093757,0.5684073425959777,0.04363491540044121,5.968055772239041,5.613696118957208,3.968969948033126,3.9642012025636224,nan,nan,nan,nan,0.0,0.0,0.25,0.25,16725.97375328084,44.58792650918635,44.465879265091864,0.9948257825624138,0.0028459272898571867,44.58792650918635,4190.120734908137,64.49606299212599,62.305774278215225,0.9643524569742433,0.015612272454106665,64.49606299212599,1050.5354330708662,77.00262467191601,69.38845144356955,0.900070693417244,0.06669641413004505,77.00262467191601,4.241005897521973,-1.0,prebaked,fixed_topk,16,64,0.6864197850227356,0.8047109842300415,0.03083585947751999,"[10, 34, 37, 39, 40, 46, 47, 48, 49, 51, 52, 53, 54, 55, 61, 63]"
7,0.02232593629971205,0.02049044653739086,3.8013505672845316,0.5195922225791951,0.17595914590937572,2193966.6408083295,0.5694813502077355,0.9356931994749806,2766.406630628689,256734.69291338584,0.9235560795714326,0.12491858672911421,13.658868831153994,32.2099522861976,8.047372298204772,36.0,0.8627393419342628,0.9537336654965428,0.006773728884639233,0.004768814312345611,0.41260859172722797,0.3977562521347224,0.011904762126505375,0.5346012160767749,0.7745303309010831,0.7520770850682028,4.730971128608924,0.10894534262654976,0.021592309512686855,0.5655093078068861,71.26227379345832,0.17595914590937572,0.5195922225791951,2193966.6408083295,0.0052147209240988954,0.0627450942993164,0.07284923475675696,1.0,0.0,0.0,0.15892000638281648,0.15892000638281648,0.0,0.10940382243415189,0.03659703815722559,0.031137688139213977,0.0,0.11628791340680426,0.0,0.0,0.04768391138582936,0.0,0.0,0.04768391138582936,0.0,0.0,nan,nan,nan,nan,0.5248899567653917,0.5730291949104347,0.04813923773697796,5.960447185412891,5.580543053953246,3.9748359092577217,3.9667590935816404,nan,nan,nan,nan,0.0,0.0,0.25,0.25,16787.745406824146,44.59842519685039,44.471128608923884,0.996630391284901,0.002806278362752994,44.59842519685039,4205.3490813648295,64.50393700787401,62.28608923884514,0.9629761032002472,0.015520040330718318,64.50393700787401,1054.4855643044618,77.01706036745406,69.48425196850394,0.9015945020044837,0.06645903935807389,77.01706036745406,5.768610954284668,-1.0,prebaked,fixed_topk,16,64,0.6864197850227356,0.8047109842300415,0.03083585947751999,"[10, 34, 37, 39, 40, 46, 47, 48, 49, 51, 52, 53, 54, 55, 61, 63]"
8,0.02245993022574723,0.020548911850161243,3.809759222616361,0.5261355488319096,0.17493659521885743,2255839.8235565005,0.5682491619117095,0.9354388692221514,2763.4015410015263,256898.48556430446,0.9235695772544398,0.1251302036534206,13.671731543073696,32.23036725363648,8.08020643608089,36.0,0.8625796590535489,0.9509465563803907,0.006807852293831587,0.004794657917258151,0.41358223185920967,0.3985994643974179,0.011904762126505375,0.5339532202962243,0.7766647235769849,0.7532678167558368,4.691601049868766,0.10868350827083813,0.022760433604417665,0.5884053056321432,71.44024704259837,0.17493659521885743,0.5261355488319096,2255839.8235565005,0.005249642906343843,0.0627450942993164,0.07424567210099359,1.0,0.0,0.0,0.15891372919556246,0.15891372919556246,0.0,0.10913445053529239,0.03651117388735919,0.031059571255849103,0.0,0.12302460076174435,0.0,0.0,0.04809732243172221,0.0,0.0,0.04809732243172221,0.0,0.0,nan,nan,nan,nan,0.5235832142750367,0.5716909214632616,0.04810770680276284,5.971235912365547,5.590745272911755,3.968201605531068,3.9604728186328684,nan,nan,nan,nan,0.0,0.0,0.25,0.25,16748.57742782152,44.455380577427825,44.3254593175853,0.9874039467654908,0.0028353086476083466,44.455380577427825,4195.769028871391,64.7020997375328,62.511811023622045,0.9649883144084537,0.015743458366656138,64.7020997375328,1051.9685039370079,76.92782152230971,69.36745406824147,0.9004474079672258,0.06634429713563925,76.92782152230971,5.462947368621826,-1.0,prebaked,fixed_topk,16,64,0.6864197850227356,0.8047109842300415,0.03083585947751999,"[10, 34, 37, 39, 40, 46, 47, 48, 49, 51, 52, 53, 54, 55, 61, 63]"
9,0.0224246091778901,0.020525101903493558,3.809376662171732,0.5305053973252692,0.17715677036231584,2307953.7197847916,0.5679723928476361,0.9352554261736554,2764.4408451323966,256723.56955380578,0.9235887652619938,0.12511759367055553,13.653237831199686,32.200014168774715,8.031356181335937,36.0,0.8625856752960087,0.9521736321182097,0.00682080810122055,0.004786690207694173,0.4149484283381247,0.4000142231935591,0.011904762126505375,0.5346193049137205,0.7750554074448588,0.7527516338806964,4.717847769028872,0.10881606063113751,0.0237588387109789,0.6043690240445725,71.4592554788264,0.17715677036231584,0.5305053973252692,2307953.7197847916,0.005289900992945658,0.0627450942993164,0.0754335421550618,1.0,0.0,0.0,0.1589138172328799,0.1589138172328799,0.0,0.10926218718055665,0.03656396440907413,0.03110755487220494,0.0,0.12860583199122153,0.0,0.0,0.048409812255204424,0.0,0.0,0.048409812255204424,0.0,0.0,nan,nan,nan,nan,0.5226057842276075,0.5713856289536411,0.04877984559832785,5.983693188048202,5.5967207872752915,3.9706554441522957,3.9625293765793947,nan,nan,nan,nan,0.0,0.0,0.25,0.25,16769.364829396327,44.518372703412076,44.38320209973753,0.9913206314784748,0.0028174004552535834,44.518372703412076,4200.750656167979,64.5262467191601,62.33202099737533,0.9652410304126563,0.015494397162556173,64.5262467191601,1053.1706036745406,77.03018372703411,69.4251968503937,0.8999592344635008,0.06661565559787222,77.03018372703411,3.4365193843841553,-1.0,prebaked,fixed_topk,16,64,0.6864197850227356,0.8047109842300415,0.03083585947751999,"[10, 34, 37, 39, 40, 46, 47, 48, 49, 51, 52, 53, 54, 55, 61, 63]"
10,0.022433771417547124,0.02057841619882449,3.7949455529060265,0.5365247841816875,0.1760009581961344,2202699.0731255882,0.569356627145673,0.9349654125598883,2760.538679895544,256470.8845144357,0.9237533176404173,0.12486988148131743,13.6446130216489,32.18513069327936,8.058673443113756,36.0,0.8627311461113784,0.9505028404833915,0.006796703966618014,0.0047370133435972305,0.41379706031615965,0.39889247373254905,0.011904762126505375,0.5347915230919926,0.775215001224003,0.7519529509896374,4.678477690288714,0.10891274542711538,0.024436392396043137,0.6111716709424817,71.22332173945709,0.1760009581961344,0.5365247841816875,2202699.0731255882,0.005318691369801212,0.0627450942993164,0.07628094856663951,1.0,0.0,0.0,0.15891862699318787,0.15891862699318787,0.0,0.10935463697656872,0.0365638936041143,0.031111856839397135,0.0,0.1325363840924015,0.0,0.0,0.04863158209813258,0.0,0.0,0.04863158209813258,0.0,0.0,nan,nan,nan,nan,0.5236402199076436,0.5727709284526469,0.049130709689417705,5.973261915041704,5.582572226803861,3.9693428335435987,3.9613219695141337,nan,nan,nan,nan,0.0,0.0,0.25,0.25,16778.30971128609,44.503937007874015,44.37007874015748,0.9870623955793156,0.0028071925054892434,44.503937007874015,4203.010498687664,64.56561679790026,62.36482939632546,0.9648352964367717,0.01552414756492095,64.56561679790026,1053.761154855643,77.01968503937007,69.36614173228347,0.8996108294340873,0.06655801952386496,77.01968503937007,5.473857402801514,-1.0,prebaked,fixed_topk,16,64,0.6864197850227356,0.8047109842300415,0.03083585947751999,"[10, 34, 37, 39, 40, 46, 47, 48, 49, 51, 52, 53, 54, 55, 61, 63]"
11,0.022462657011747166,0.020581197216031275,3.796364201022571,0.5245937569521544,0.17604180886911283,2226850.78180912,0.5694511677232214,0.9352087373287138,2762.65537043694,256834.72440944883,0.9235854490431166,0.12470834247497062,13.67038628029129,32.22711119612693,8.017373835757576,36.0,0.8629721244917474,0.9534298806077559,0.006855461734843262,0.004839468200802112,0.4129031226821146,0.3978054624177965,0.011904762126505375,0.5341485519730832,0.7760071965438239,0.752966061107283,4.73753280839895,0.10875668190908558,0.024894584255082793,0.6185592397304345,71.19534343809593,0.17604180886911283,0.5245937569521544,2226850.78180912,0.005327114044001761,0.0627450942993164,0.07672814936364886,1.0,0.0,0.0,0.15892865466717393,0.15892865466717393,0.0,0.10919556242665594,0.03651547184570881,0.031066392321051576,0.0,0.13578904046353873,0.0,0.0,0.048778112923287105,0.0,0.0,0.048778112923287105,0.0,0.0,nan,nan,nan,nan,0.5239187647651288,0.5728874971091175,0.04896873231494171,5.973718895269715,5.586975821777072,3.97388180821795,3.9658435012620434,nan,nan,nan,nan,0.0,0.0,0.25,0.25,16754.191601049868,44.541994750656166,44.40157480314961,0.996625015461077,0.0028185436965543747,44.541994750656166,4197.230971128609,64.61679790026247,62.42125984251968,0.9643286277089048,0.01564888082506913,64.61679790026247,1052.3937007874015,77.0275590551181,69.40419947506561,0.8993359986532897,0.0665024182173429,77.0275590551181,7.243339538574219,-1.0,prebaked,fixed_topk,16,64,0.6864197850227356,0.8047109842300415,0.03083585947751999,"[10, 34, 37, 39, 40, 46, 47, 48, 49, 51, 52, 53, 54, 55, 61, 63]"
12,0.02236985585290518,0.02048965140729849,3.7898735343001957,0.5449459469068082,0.17447988421037755,2255362.4214179227,0.5696217669915548,0.9343732519569053,2768.5106558945768,256691.88713910762,0.9236529299228309,0.12443771841066716,13.665183040960853,32.21873967260233,8.053238658095404,36.0,0.863160117878501,0.9503213427551337,0.006854631873874331,0.004806033903704632,0.41571044047751765,0.4010594942242768,0.011904762126505375,0.5347353293998482,0.7730272313889798,0.7502892693217278,4.744094488188976,0.10897721899697786,0.025783819603560163,0.6264737005934627,71.16572189331055,0.17447988421037755,0.5449459469068082,2255362.4214179227,0.005363464441634421,0.0627450942993164,0.07768646534287867,1.0,0.0,0.0,0.1589080528368963,0.1589080528368963,0.0,0.10941411935164547,0.03661260164765705,0.03113905434298703,0.0,0.14030045600847796,0.0,0.0,0.04900538593881959,0.0,0.0,0.04900538593881959,0.0,0.0,nan,nan,nan,nan,0.5237973666931599,0.5731034215282218,0.04930605584049997,5.9662878031492905,5.574360384194345,3.972528577215925,3.9640636125470277,nan,nan,nan,nan,0.0,0.0,0.25,0.25,16792.892388451444,44.62992125984252,44.49475065616798,0.986471109171382,0.0028456969483389803,44.62992125984252,4206.543307086614,64.50918635170603,62.34514435695538,0.9657597384074849,0.01560057834169219,64.50918635170603,1054.4698162729658,77.07086614173228,69.38976377952756,0.8987331806865382,0.06659036463526587,77.07086614173228,6.776029586791992,-1.0,prebaked,fixed_topk,16,64,0.6864197850227356,0.8047109842300415,0.03083585947751999,"[10, 34, 37, 39, 40, 46, 47, 48, 49, 51, 52, 53, 54, 55, 61, 63]"
13,0.022479491652383072,0.02058739290484704,3.780201916932434,0.5326205746630045,0.17479934922744597,2274035.214868287,0.570482204729334,0.9342377414879623,2761.646812859482,256857.1496062992,0.9236040766288186,0.1244950789340933,13.650980507208168,32.196990389046235,8.039059975943308,36.0,0.8631576019711508,0.9518581938743539,0.006940056784982913,0.004941893967692441,0.4148057728927592,0.3993826108224436,0.011904762126505375,0.5349673484423118,0.7757982021609785,0.7530972689157471,4.702099737532809,0.10868360620392901,0.026433233059258286,0.6428775065370745,70.9371530627954,0.17479934922744597,0.5326205746630045,2274035.214868287,0.005367734967523164,0.0627450942993164,0.07811234150267649,1.0,0.0,0.0,0.15892172549053876,0.15892172549053876,0.0,0.10911476285517059,0.03650215884616838,0.031056264503382322,0.0,0.14563242311007282,0.0,0.0,0.0492069000785523,0.0,0.0,0.0492069000785523,0.0,0.0,nan,nan,nan,nan,0.524458934495116,0.5739695596608902,0.04951062543774068,5.969822229154253,5.580622758348061,3.9704328374912734,3.962338916533677,nan,nan,nan,nan,0.0,0.0,0.25,0.25,16744.556430446195,44.56430446194226,44.44488188976378,0.9943576625933895,0.0028254798024410057,44.56430446194226,4194.658792650918,64.52230971128608,62.29658792650918,0.9633868692429693,0.015542116186811646,64.52230971128608,1051.6404199475066,77.04199475065617,69.33858267716535,0.8978300497867028,0.06656652037725443,77.04199475065617,4.427178859710693,-1.0,prebaked,fixed_topk,16,64,0.6864197850227356,0.8047109842300415,0.03083585947751999,"[10, 34, 37, 39, 40, 46, 47, 48, 49, 51, 52, 53, 54, 55, 61, 63]"
14,0.02231239989458576,0.02045410078964893,3.790947561814716,0.5513726288252302,0.17238560404990289,2269613.9660413344,0.5693815117530776,0.9343440586526669,2770.4123844336955,256494.91338582677,0.9237556184266388,0.12491031219774822,13.677770753952254,32.23609636712046,8.06375818556361,36.0,0.8627220781452399,0.9516427515379577,0.006879356261978312,0.0048288994908667095,0.41257178853815935,0.39746299149404984,0.011904762126505375,0.533991848672485,0.7715689294734264,0.7492550614073776,4.732283464566929,0.10921434187904744,0.027346312535286264,0.6518069748177616,71.20813692147964,0.17238560404990289,0.5513726288252302,2269613.9660413344,0.005414364352245422,0.0627450942993164,0.07915763146295322,1.0,0.0,0.0,0.1589258284897356,0.1589258284897356,0.0,0.10964617690467458,0.036685398044040196,0.0312116336214339,0.0,0.15005789471479178,0.0,0.0,0.04938669826065037,0.0,0.0,0.04938669826065037,0.0,0.0,nan,nan,nan,nan,0.5234381031874024,0.5728867599546698,0.04944865647799435,5.968247474752182,5.57579824586553,3.975027221550779,3.9660631665928996,nan,nan,nan,nan,0.0,0.0,0.25,0.25,16825.154855643046,44.60498687664042,44.485564304461946,0.9916276995590538,0.0028685919015179286,44.60498687664042,4214.666666666667,64.48818897637796,62.26115485564304,0.9640196078768117,0.0154780373414988,64.48818897637796,1056.6089238845145,76.998687664042,69.3241469816273,0.8992809471780059,0.06617879362805039,76.998687664042,4.533346176147461,-1.0,prebaked,fixed_topk,16,64,0.6864197850227356,0.8047109842300415,0.03083585947751999,"[10, 34, 37, 39, 40, 46, 47, 48, 49, 51, 52, 53, 54, 55, 61, 63]"
15,0.022400711232238985,0.020524508333850524,3.7859604346157685,0.5421276552470651,0.17411810886163723,2175694.1383330985,0.5697933370320817,0.9342026362164648,2763.3035374705673,256765.24934383202,0.923530942642261,0.12544543540220968,13.673778708705724,32.23289881038096,8.064515107868717,36.0,0.862226976868484,0.9516807316790202,0.006984315538813123,0.004994538498769228,0.4124817827476917,0.3972439170861495,0.011904762126505375,0.5341844198364923,0.7758701960772793,0.7528539885815492,4.696850393700787,0.10879755862976309,0.028011939021467848,0.6613130056326157,71.0817280366352,0.17411810886163723,0.5421276552470651,2175694.1383330985,0.005411222809925675,0.0627450942993164,0.07944234719700388,1.0,0.0,0.0,0.15891376835138193,0.15891376835138193,0.0,0.10922411162396428,0.036532731668099644,0.03107751708409292,0.0,0.1546262304616679,0.0,0.0,0.04954007159701511,0.0,0.0,0.04954007159701511,0.0,0.0,nan,nan,nan,nan,0.5240177578852556,0.5733407281358723,0.04932297211379643,5.9678338634686146,5.577735477858013,3.9693615766126453,3.9611924747991054,nan,nan,nan,nan,0.0,0.0,0.25,0.25,16760.900262467192,44.55774278215223,44.4238845144357,0.9919013999503155,0.0028669312722271415,44.55774278215223,4198.664041994751,64.4750656167979,62.21391076115486,0.9640025997842615,0.015549513538130942,64.4750656167979,1052.5984251968505,77.08005249343832,69.46850393700787,0.8991381953024816,0.06670760634503016,77.08005249343832,3.4529364109039307,-1.0,prebaked,fixed_topk,16,64,0.6864197850227356,0.8047109842300415,0.03083585947751999,"[10, 34, 37, 39, 40, 46, 47, 48, 49, 51, 52, 53, 54, 55, 61, 63]"
16,0.02235653484973499,0.020492445191080018,3.7906082371088465,0.5358069562145419,0.1758178217908529,2324738.8602416217,0.56920782231896,0.9342802190665918,2764.8398367814198,256797.12860892387,0.9235926488331291,0.12493102317888183,13.661623733309522,32.214838278078815,8.059395888666536,36.0,0.8627583932097161,0.9508165681327485,0.006865764171217527,0.004810746300007948,0.4128832291625929,0.3979664541917836,0.011904762126505375,0.5345327796798895,0.7757082879330134,0.752767490392274,4.702099737532809,0.10885568182143014,0.028060228836397565,0.6538464426994324,71.1415797155986,0.1758178217908529,0.5358069562145419,2324738.8602416217,0.005423255533950399,0.0627450942993164,0.07979098996856394,1.0,0.0,0.0,0.1589225128765235,0.1589225128765235,0.0,0.1092825627780649,0.0365537441044733,0.031092244637958958,0.0,0.15533924075479388,0.0,0.0,0.04963437916259958,0.0,0.0,0.04963437916259958,0.0,0.0,nan,nan,nan,nan,0.5235975299059875,0.5726405686795814,0.04904303963134222,5.973648385112993,5.584286593598222,3.970147770220832,3.9622430375346163,nan,nan,nan,nan,0.0,0.0,0.25,0.25,16769.99475065617,44.526246719160106,44.37270341207349,0.9874859836255883,0.0028301249715733828,44.526246719160106,4200.958005249344,64.52887139107611,62.32808398950131,0.9654939170086014,0.015534881175888925,64.52887139107611,1053.254593175853,77.00524934383202,69.38713910761155,0.899469803764053,0.0664975460291234,77.00524934383202,5.624197959899902,-1.0,prebaked,fixed_topk,16,64,0.6864197850227356,0.8047109842300415,0.03083585947751999,"[10, 34, 37, 39, 40, 46, 47, 48, 49, 51, 52, 53, 54, 55, 61, 63]"
17,0.022489815354567226,0.02059370886138457,3.7810234303862402,0.534695529034288,0.174435782424734,2195549.1916253064,0.5699838028335822,0.9338717924745478,2762.1350405368494,256941.8477690289,0.9236275212136876,0.12532770435193835,13.654185706975849,32.203211811833704,8.047688540910247,36.0,0.8622575980015075,0.9521249443412179,0.00695975795278223,0.004943343281119988,0.4141806648785048,0.3988339630715803,0.011904762126505375,0.5348527946345566,0.7765896269799722,0.7536528810090998,4.727034120734908,0.10867635676945288,0.029353631841229015,0.6642054920121441,70.96198604113161,0.174435782424734,0.534695529034288,2195549.1916253064,0.005439829570180162,0.0627450942993164,0.08049430364249104,1.0,0.0,0.0,0.1589136415495123,0.1589136415495123,0.0,0.10909694073394215,0.0364882432393671,0.031042457154885992,0.0,0.16428111216822158,0.0,0.0,0.049877938745384674,0.0,0.0,0.049877938745384674,0.0,0.0,nan,nan,nan,nan,0.52398534492636,0.5735674774174825,0.049582133157973995,5.967852350399356,5.577058913826627,3.9700580851508143,3.962153244623467,nan,nan,nan,nan,0.0,0.0,0.25,0.25,16740.845144356954,44.57349081364829,44.44225721784777,0.9912481127446404,0.002884504348889093,44.57349081364829,4193.792650918635,64.55380577427822,62.35564304461942,0.9652272071636036,0.01590377667944699,64.55380577427822,1051.5170603674542,77.00262467191601,69.38845144356955,0.8998995131154098,0.06669561542769142,77.00262467191601,4.113052845001221,-1.0,prebaked,fixed_topk,16,64,0.6864197850227356,0.8047109842300415,0.03083585947751999,"[10, 34, 37, 39, 40, 46, 47, 48, 49, 51, 52, 53, 54, 55, 61, 63]"
18,0.022447906650866815,0.02054630804885169,3.772112987172885,0.5452846458030185,0.17561560726463013,2164061.013049356,0.5707657485613673,0.9337168987889296,2762.3303404213148,256847.5564304462,0.9236200172861526,0.12508854248031934,13.661080330375489,32.21016514340112,8.042401485987579,36.0,0.8626223889726,0.9524251444413679,0.006937391097166055,0.0048943820552589685,0.4160211931650094,0.4008560186139555,0.011904762126505375,0.5345083740773693,0.7763142278574906,0.7530802693581912,4.691601049868766,0.10873866601409561,0.03148328743659918,0.6851386736071329,70.85422369689141,0.17561560726463013,0.5452846458030185,2164061.013049356,0.005475737340870531,0.0627450942993164,0.08162174049246655,1.0,0.0,0.0,0.15890867236796302,0.15890867236796302,0.0,0.10915553432906394,0.03650373511818138,0.0310581313333721,0.0,0.1758294219390771,0.0,0.0,0.050163288612529035,0.0,0.0,0.050163288612529035,0.0,0.0,nan,nan,nan,nan,0.5242607199007604,0.5742333443054797,0.04997262481003407,5.968394417879569,5.572180687181804,3.97285811956369,3.9643050600641776,nan,nan,nan,nan,0.0,0.0,0.25,0.25,16750.18372703412,44.528871391076116,44.39501312335958,0.9942390542667903,0.0027992349631631337,44.528871391076116,4196.181102362205,64.59448818897638,62.3753280839895,0.9630273894764393,0.015609160208162874,64.59448818897638,1052.1023622047244,77.00524934383202,69.42125984251969,0.9000089895808748,0.06678927773602472,77.00524934383202,4.504666805267334,-1.0,prebaked,fixed_topk,16,64,0.6864197850227356,0.8047109842300415,0.03083585947751999,"[10, 34, 37, 39, 40, 46, 47, 48, 49, 51, 52, 53, 54, 55, 61, 63]"
19,0.022349536921242325,0.02048140494495122,3.7868007543518787,0.5384880161191535,0.17674454692702282,2197950.793561121,0.5698757073528289,0.9344228873467717,2767.9829297270157,256517.14173228346,0.9236703755452979,0.12545190815285892,13.66364425943772,32.21747970795854,8.039986316637561,36.0,0.8622143608238857,0.9518416612722224,0.0068653157427589215,0.004772628501993836,0.41280504327824735,0.39780960891034034,0.011904762126505375,0.5347803123598804,0.7739129543133703,0.7510286212955358,4.741469816272966,0.1091162946339198,0.032431928680481246,0.6750716762592787,71.0927509998712,0.17674454692702282,0.5384880161191535,2197950.793561121,0.005508650007493931,0.0627450942993164,0.08235736781843692,1.0,0.0,0.0,0.15891353427254087,0.15891353427254087,0.0,0.10953218808637204,0.036645235723554305,0.03117607679130055,0.0,0.1809547570481146,0.0,0.0,0.050294829258026405,0.0,0.0,0.050294829258026405,0.0,0.0,nan,nan,nan,nan,0.5240555686952774,0.5733074680009853,0.049251899331196405,5.971024125371182,5.581063518999758,3.974801789796464,3.9667263928986607,nan,nan,nan,nan,0.0,0.0,0.25,0.25,16808.900262467192,44.58267716535433,44.46194225721785,0.9914756194645538,0.0028575632017206996,44.58267716535433,4210.5406824146985,64.45800524934383,62.26509186351706,0.9648695189940762,0.01551659924605295,64.45800524934383,1055.6561679790027,77.10367454068242,69.43569553805774,0.8991798453580399,0.06642320562892355,77.10367454068242,5.5895843505859375,-1.0,prebaked,fixed_topk,16,64,0.6864197850227356,0.8047109842300415,0.03083585947751999,"[10, 34, 37, 39, 40, 46, 47, 48, 49, 51, 52, 53, 54, 55, 61, 63]"
20,0.022410524829982577,0.020496526220935615,3.773757706164062,0.5433560505000938,0.17585084769200152,2183084.7299748487,0.570759283543311,0.9338847815156083,2761.405686813181,256488.67716535434,0.9235798342907946,0.12518738365157672,13.666472457240875,32.220800224508366,8.029334607446264,36.0,0.862466486470465,0.9533497908613482,0.00694085096480848,0.004878775338840755,0.41393927105377354,0.3987969498973819,0.011904762126505375,0.5343049120647084,0.7750558010706062,0.7524246756967752,4.711286089238845,0.10899184300048458,0.0339455113347786,0.6860500703959327,70.87921570104564,0.17585084769200152,0.5433560505000938,2183084.7299748487,0.0055239899187859666,0.0627450942993164,0.0829712546423195,1.0,0.0,0.0,0.15892352054358402,0.15892352054358402,0.0,0.10940449798279234,0.03657791265860943,0.031109927789237244,0.0,0.1904649801023028,0.0,0.0,0.05049356967239199,0.0,0.0,0.05049356967239199,0.0,0.0,nan,nan,nan,nan,0.5244425726257597,0.5742506589267928,0.04980808648081863,5.973970427600735,5.578120800871028,3.9743233820063346,3.9662819175686854,nan,nan,nan,nan,0.0,0.0,0.25,0.25,16784.910761154857,44.488188976377955,44.354330708661415,0.995692743702824,0.002842640803829905,44.488188976377955,4204.63779527559,64.61417322834646,62.384514435695536,0.9645554203700305,0.01567262700569565,64.61417322834646,1054.0,77.01312335958005,69.40813648293964,0.8998012085111903,0.06655638031430185,77.01312335958005,9.828801155090332,-1.0,prebaked,fixed_topk,16,64,0.6864197850227356,0.8047109842300415,0.03083585947751999,"[10, 34, 37, 39, 40, 46, 47, 48, 49, 51, 52, 53, 54, 55, 61, 63]"
21,0.022445137578910927,0.020533736461524184,3.774444849159461,0.5454727596654667,0.1732760449367871,2231189.550922789,0.5706324885849461,0.9337816030073874,2763.6941658347087,256759.51968503938,0.9235927964758682,0.1246247850360396,13.651537165811204,32.196880057157486,8.070787566626795,36.0,0.8630360790711525,0.9512842106063559,0.006948336339836788,0.004886516933030726,0.413216863423977,0.3979665336841986,0.011904762126505375,0.5350940712278998,0.7750055839918586,0.7518629513014136,4.724409448818897,0.10886021257620158,0.034641742576744766,0.6795881205969282,70.89561738742619,0.1732760449367871,0.5454727596654667,2231189.550922789,0.0055281944161041435,0.0627450942993164,0.083226341260426,1.0,0.0,0.0,0.15891164262991528,0.15891164262991528,0.0,0.10927148534869897,0.036545533334880365,0.031091139820499682,0.0,0.19587056309115022,0.0,0.0,0.050598503855862266,0.0,0.0,0.050598503855862266,0.0,0.0,nan,nan,nan,nan,0.524721327090305,0.5741709090202184,0.049449581862147866,5.960567860674256,5.570001635755873,3.971431999903237,3.9632916182462083,nan,nan,nan,nan,0.0,0.0,0.25,0.25,16768.099737532808,44.528871391076116,44.39501312335958,0.9933056697358649,0.002850926163843245,44.528871391076116,4200.320209973754,64.56430446194226,62.346456692913385,0.9620556887373788,0.015678359961337738,64.56430446194226,1052.9580052493438,77.05249343832021,69.37007874015748,0.8984912733458263,0.06645069520052622,77.05249343832021,5.688251495361328,-1.0,prebaked,fixed_topk,16,64,0.6864197850227356,0.8047109842300415,0.03083585947751999,"[10, 34, 37, 39, 40, 46, 47, 48, 49, 51, 52, 53, 54, 55, 61, 63]"
22,0.022337626921272107,0.020465400043063433,3.7662069378249603,0.5487284936069503,0.17463913560891403,2162215.1056767087,0.5715748085359268,0.9336771219577695,2765.541706101892,256591.11811023622,0.9233914906532226,0.125056431891743,13.663445638685493,32.216247528259885,8.026505042626827,36.0,0.8625833768595068,0.9531545876980195,0.006987173024692091,0.004953726884181608,0.41276882414820937,0.39752309260953445,0.011904762126505375,0.534539931127641,0.7740297648428188,0.7507200037241802,4.746719160104987,0.1090811858848324,0.03650089036771084,0.6970042090403439,70.76760298561237,0.17463913560891403,0.5487284936069503,2162215.1056767087,0.005554077030939302,0.0627450942993164,0.08387993119676596,1.0,0.0,0.0,0.15891485425760501,0.15891485425760501,0.0,0.10949070331227435,0.03659523207586738,0.031132618131560916,0.0,0.20478514110440837,0.0,0.0,0.050722734798967106,0.0,0.0,0.050722734798967106,0.0,0.0,nan,nan,nan,nan,0.5249672980159393,0.5751024280607127,0.05013512903016262,5.967227843802743,5.570743782522384,3.972445389625805,3.964402638395321,nan,nan,nan,nan,0.0,0.0,0.25,0.25,16797.766404199476,44.58792650918635,44.4514435695538,0.9968502779530051,0.0028393228007783907,44.58792650918635,4207.6509186351705,64.5262467191601,62.313648293963254,0.9631313820823499,0.015534896196095275,64.5262467191601,1055.1049868766404,77.0275590551181,69.4028871391076,0.899482103058703,0.06657919246875496,77.0275590551181,5.330802917480469,-1.0,prebaked,fixed_topk,16,64,0.6864197850227356,0.8047109842300415,0.03083585947751999,"[10, 34, 37, 39, 40, 46, 47, 48, 49, 51, 52, 53, 54, 55, 61, 63]"
23,0.02251324716349208,0.020627449562997995,3.771011164182127,0.5526117247155332,0.17419173458977322,2255536.6759740966,0.5706892218945953,0.9334210376257667,2760.383464356003,256933.0,0.9235520178043106,0.12446664347892146,13.65156160250789,32.19541228947233,8.035016583436887,36.0,0.863227245696045,0.9522082477099547,0.007006117946949843,0.004993618297094789,0.41573469172625405,0.40033510704757036,0.011904762126505375,0.5350145096118627,0.7765427553014203,0.754103325720624,4.671916010498688,0.10861128038699859,0.03675662917806095,0.6915525984889254,70.87206532636027,0.17419173458977322,0.5526117247155332,2255536.6759740966,0.005536444692351804,0.0627450942993164,0.08372330126839048,1.0,0.0,0.0,0.15891415294963085,0.15891415294963085,0.0,0.10901893622527911,0.03645761672827828,0.03101294650512887,0.0,0.2087086844070861,0.0,0.0,0.050789380610525355,0.0,0.0,0.050789380610525355,0.0,0.0,nan,nan,nan,nan,0.5234547748679351,0.5742018933293072,0.05074711920517337,5.975208754844029,5.572501216994396,3.967224448403032,3.9589612899281295,nan,nan,nan,nan,0.0,0.0,0.25,0.25,16728.53280839895,44.50524934383202,44.376640419947506,0.9923011551425204,0.0028123012980084644,44.50524934383202,4190.745406824147,64.62729658792651,62.41469816272966,0.9654105285461616,0.015480214490884924,64.62729658792651,1050.729658792651,76.998687664042,69.37795275590551,0.898913059441183,0.06669086885942381,76.998687664042,6.405013561248779,-1.0,prebaked,fixed_topk,16,64,0.6864197850227356,0.8047109842300415,0.03083585947751999,"[10, 34, 37, 39, 40, 46, 47, 48, 49, 51, 52, 53, 54, 55, 61, 63]"
24,0.022441113823560357,0.020561948334895993,3.768359206167106,0.5501226036958494,0.17445470175639852,2279076.0241628597,0.5707518351385703,0.9332793762625469,2762.272595262905,256740.38845144358,0.9234677216042997,0.12476891406391345,13.662850696025219,32.21606831032432,8.035182263965048,36.0,0.8629524499888702,0.9530654307365627,0.0070181649185599776,0.004990260144809458,0.41453655199037764,0.39898551759992057,0.011904762126505375,0.5349448617595912,0.7755434214877898,0.7520733329920253,4.7506561679790025,0.10878531220234598,0.03674181723805863,0.6823221559286743,70.81561818961396,0.17445470175639852,0.5501226036958494,2279076.0241628597,0.0055431215314981665,0.0627450942993164,0.0837783276291657,1.0,0.0,0.0,0.15892704644600616,0.15892704644600616,0.0,0.10919222480121248,0.036526939330568775,0.031077623738860832,0.0,0.20838348340476875,0.0,0.0,0.0507733002288032,0.0,0.0,0.0507733002288032,0.0,0.0,nan,nan,nan,nan,0.524173912083305,0.5742626153030419,0.050088703917661376,5.97084506233846,5.574230715942714,3.970561311251221,3.962774957248439,nan,nan,nan,nan,0.0,0.0,0.25,0.25,16755.603674540682,44.658792650918635,44.528871391076116,0.9947456533113581,0.0028130607018934124,44.658792650918635,4197.664041994751,64.55774278215223,62.33727034120735,0.9637835722724435,0.015449273598636563,64.55774278215223,1052.4881889763778,77.03149606299213,69.50787401574803,0.9006670666258846,0.06642399512737364,77.03149606299213,5.197602272033691,-1.0,prebaked,fixed_topk,16,64,0.6864197850227356,0.8047109842300415,0.03083585947751999,"[10, 34, 37, 39, 40, 46, 47, 48, 49, 51, 52, 53, 54, 55, 61, 63]"
25,0.022456942900423733,0.020543358597312895,3.7732638167584036,0.5474867622448704,0.1752833934632812,2222026.3783168746,0.5706210951636157,0.933691501883385,2763.074344424751,256807.35170603674,0.9235795660698929,0.12448779952659673,13.676420399874331,32.23294540325114,8.036030866721335,36.0,0.8631739283060882,0.9536787873998487,0.007047448420330021,0.0050376212980643735,0.4154930641566675,0.40002790294841833,0.011904762126505375,0.5339242398322621,0.7760441493738807,0.7530127775553398,4.650918635170604,0.10880587453369707,0.03670561428027829,0.6803623741380186,70.89617539453381,0.1752833934632812,0.5474867622448704,2222026.3783168746,0.005544405099948052,0.0627450942993164,0.08379917401145762,1.0,0.0,0.0,0.15891430422854066,0.15891430422854066,0.0,0.10921312397311679,0.03652817921180112,0.031073847394485488,0.0,0.20790305933652825,0.0,0.0,0.0507677351166878,0.0,0.0,0.0507677351166878,0.0,0.0,nan,nan,nan,nan,0.5240434708831507,0.5740744164609534,0.05003094579575829,5.971546836162174,5.574260059783884,3.9733424230510486,3.964968336243852,nan,nan,nan,nan,0.0,0.0,0.25,0.25,16759.010498687665,44.511811023622045,44.38845144356955,0.9939666648135941,0.0028117020923018807,44.511811023622045,4198.209973753281,64.41994750656168,62.267716535433074,0.9665691474578244,0.01549011925730095,64.41994750656168,1052.5354330708662,77.06955380577428,69.501312335958,0.9005005499281281,0.06669003889470536,77.06955380577428,6.120692729949951,-1.0,prebaked,fixed_topk,16,64,0.6864197850227356,0.8047109842300415,0.03083585947751999,"[10, 34, 37, 39, 40, 46, 47, 48, 49, 51, 52, 53, 54, 55, 61, 63]"
26,0.022453286479718573,0.02056913010059829,3.7689255166241504,0.5478007257610481,0.17502820540679095,2296271.7669471535,0.5709263306603244,0.9333441816029165,2766.5452232060484,256625.74540682413,0.9235208111537307,0.12499748324965004,13.652974278675808,32.1992501527496,8.005802371632743,36.0,0.8626841404603047,0.9525278915547395,0.0070907744234354475,0.00509258967266094,0.4128724038796475,0.39721028166493094,0.011904762126505375,0.5349617245458406,0.7741767553767448,0.7516917258480409,4.696850393700787,0.10901326551212101,0.03692773575320097,0.6835852620482757,70.82066217057036,0.17502820540679095,0.5478007257610481,2296271.7669471535,0.005556364287072279,0.0627450942993164,0.08400694526282196,1.0,0.0,0.0,0.1589206821019562,0.1589206821019562,0.0,0.10942102622563445,0.03659375456804678,0.031125769468899472,0.0,0.20872845545061106,0.0,0.0,0.05078271636746218,0.0,0.0,0.05078271636746218,0.0,0.0,nan,nan,nan,nan,0.5239378893984219,0.5743770077941923,0.050439116848364614,5.974426936769531,5.575060497243887,3.974138499495242,3.9662777518454275,nan,nan,nan,nan,0.0,0.0,0.25,0.25,16789.981627296587,44.63910761154855,44.503937007874015,0.9954452699659355,0.0028369113350638487,44.63910761154855,4205.9238845144355,64.32020997375328,62.09186351706037,0.9640479544223794,0.01555900145680057,64.32020997375328,1054.293963254593,77.10761154855643,69.45538057742782,0.8980904502759026,0.0664714478636372,77.10761154855643,5.292182445526123,-1.0,prebaked,fixed_topk,16,64,0.6864197850227356,0.8047109842300415,0.03083585947751999,"[10, 34, 37, 39, 40, 46, 47, 48, 49, 51, 52, 53, 54, 55, 61, 63]"
27,0.02246329533070658,0.020582005981688346,3.762444606290402,0.5497450057681151,0.17367974220924176,2255141.5543044982,0.5711677825304887,0.9330669572242801,2760.4783181017765,256534.72965879264,0.9236101677255061,0.12489993949910556,13.651883307775996,32.20020782044563,8.03368686663567,36.0,0.8627764057852745,0.952567308299956,0.007035355466195527,0.005003810863673175,0.4131019520438875,0.3976664724234208,0.011904762126505375,0.5348748263237686,0.7758806113249361,0.7527215677320813,4.702099737532809,0.10893246261622962,0.03699328156867678,0.6852342239202164,70.70878570036,0.17367974220924176,0.5497450057681151,2255141.5543044982,0.005551660341134887,0.0627450942993164,0.08392192082103156,1.0,0.0,0.0,0.15891907974470132,0.15891907974470132,0.0,0.10933969396696942,0.036544880343312665,0.031094987321830796,0.0,0.209112304814526,0.0,0.0,0.05076713800141292,0.0,0.0,0.05076713800141292,0.0,0.0,nan,nan,nan,nan,0.5243297969014729,0.5746486088500564,0.05031881297012756,5.970526455998524,5.571556804520154,3.971051885658258,3.9631266097384157,nan,nan,nan,nan,0.0,0.0,0.25,0.25,16772.85564304462,44.528871391076116,44.40157480314961,0.9928494198242271,0.0028200861033954366,44.528871391076116,4201.648293963254,64.5774278215223,62.38057742782152,0.9649867722076577,0.015548424067403432,64.5774278215223,1053.3517060367453,76.99081364829397,69.4002624671916,0.8998657328679829,0.06686650063407529,76.99081364829397,6.468348503112793,-1.0,prebaked,fixed_topk,16,64,0.6864197850227356,0.8047109842300415,0.03083585947751999,"[10, 34, 37, 39, 40, 46, 47, 48, 49, 51, 52, 53, 54, 55, 61, 63]"
28,0.02231592480142129,0.020412238545134038,3.758592237011967,0.5453334872725755,0.17489510215329998,2113417.9414819446,0.5716046276237502,0.9329132203824251,2769.4104900343436,256682.1968503937,0.9234886833532588,0.12522425154884212,13.671771032585355,32.22904066099252,8.023278829436387,36.0,0.8625019501130936,0.9534786918162022,0.007041157945609233,0.0050087239915204695,0.4113973660731879,0.3961214628901694,0.011904762126505375,0.5339137696084822,0.7736964659938066,0.7507717464929466,4.6745406824146984,0.10908130599366711,0.03754725153961285,0.6942457045157124,70.62301454519037,0.17489510215329998,0.5453334872725755,2113417.9414819446,0.0055638437649464904,0.0627450942993164,0.08418372202068176,1.0,0.0,0.0,0.15891604163093231,0.15891604163093231,0.0,0.10948903706130081,0.036630270337769055,0.03116140330303216,0.0,0.21163917239441724,0.0,0.0,0.050809433446057546,0.0,0.0,0.050809433446057546,0.0,0.0,nan,nan,nan,nan,0.5250662499101721,0.5751305212668435,0.050064272273382726,5.960058749817171,5.566390468692527,3.9758387563109676,3.967464321241604,nan,nan,nan,nan,0.0,0.0,0.25,0.25,16802.089238845143,44.48425196850393,44.356955380577425,0.9965204270459131,0.002769010508411101,44.48425196850393,4208.779527559055,64.51443569553805,62.31758530183727,0.9650688656516934,0.01537952156810035,64.51443569553805,1055.023622047244,76.98556430446195,69.33858267716535,0.8988467827510012,0.06637872952106973,76.98556430446195,3.9759647846221924,-1.0,prebaked,fixed_topk,16,64,0.6864197850227356,0.8047109842300415,0.03083585947751999,"[10, 34, 37, 39, 40, 46, 47, 48, 49, 51, 52, 53, 54, 55, 61, 63]"
29,0.022464130780222066,0.02057125431050368,3.7591684634291282,0.5598968242409974,0.17427309625965404,2233318.173468798,0.5711684479383865,0.9327344695727035,2762.889672226795,256887.2125984252,0.9236421717798513,0.12441295057777627,13.650362175370185,32.19726239294542,8.043315065212994,36.0,0.8633205235143334,0.9532786748755006,0.0069795970638769035,0.004915630292604809,0.41581880181949593,0.40066964212521483,0.011904762126505375,0.5349507974484796,0.7762409722431304,0.7526025696262495,4.71259842519685,0.10869965287722315,0.03711013592965412,0.6912721364204026,70.69696496477903,0.17427309625965404,0.5598968242409974,2233318.173468798,0.00554175979489573,0.0627450942993164,0.08380488218284968,1.0,0.0,0.0,0.15890820414128282,0.15890820414128282,0.0,0.1091059116045321,0.036498053234041206,0.031045609645134822,0.0,0.21124671472434656,0.0,0.0,0.050793325284332544,0.0,0.0,0.050793325284332544,0.0,0.0,nan,nan,nan,nan,0.5241610527670864,0.5747211824023765,0.05056012922083631,5.97161514093661,5.571039774912234,3.9751045873888917,3.9667429867691877,nan,nan,nan,nan,0.0,0.0,0.25,0.25,16744.3937007874,44.5485564304462,44.40813648293963,0.9957061674419032,0.0028269274206564193,44.5485564304462,4194.580052493438,64.48818897637796,62.30183727034121,0.9643123705722263,0.015626338180842293,64.48818897637796,1051.6719160104988,77.04461942257218,69.46981627296589,0.8998174866123672,0.06670625130636688,77.04461942257218,9.848936080932617,-1.0,prebaked,fixed_topk,16,64,0.6864197850227356,0.8047109842300415,0.03083585947751999,"[10, 34, 37, 39, 40, 46, 47, 48, 49, 51, 52, 53, 54, 55, 61, 63]"
30,0.022338600246250395,0.020437937369814578,3.7622731082395617,0.5484847871493792,0.17391628703576686,2242183.818814481,0.5710993672932124,0.9328555591619542,2767.864382232371,255963.86089238845,0.9236558659652401,0.12551147092984408,13.651007690431472,32.19560203623414,8.022932787466782,36.0,0.8621346259160982,0.9533171389040118,0.007073734657780275,0.005034799582664543,0.41073261580755077,0.39504512168682154,0.011904762126505375,0.5347606128750203,0.7712361167020366,0.74817965572395,4.727034120734908,0.1094965564766581,0.037390326142428425,0.6887898452951526,70.70082409675979,0.17391628703576686,0.5484847871493792,2242183.818814481,0.005584262589510931,0.0627450942993164,0.08448009828491787,1.0,0.0,0.0,0.15891177901769313,0.15891177901769313,0.0,0.10990583250333318,0.03674232866859499,0.03127046741955862,0.0,0.21025144323325778,0.0,0.0,0.05080954389839139,0.0,0.0,0.05080954389839139,0.0,0.0,nan,nan,nan,nan,0.5243123403919026,0.574568722451192,0.05025638265382705,5.965877613015894,5.568291251991054,3.9770620121000517,3.9688552693327814,nan,nan,nan,nan,0.0,0.0,0.25,0.25,16859.58530183727,44.58792650918635,44.46194225721785,0.9961853261186192,0.0028156083140097265,44.58792650918635,4222.845144356956,64.36745406824147,62.166666666666664,0.9647528048192687,0.015405777764515152,64.36745406824147,1058.4593175853017,77.09317585301837,69.44225721784777,0.8990132857741493,0.06627828764678793,77.09317585301837,4.000753402709961,-1.0,prebaked,fixed_topk,16,64,0.6864197850227356,0.8047109842300415,0.03083585947751999,"[10, 34, 37, 39, 40, 46, 47, 48, 49, 51, 52, 53, 54, 55, 61, 63]"
31,0.022471473635396776,0.020598075851270065,3.7600050936220826,0.5585856016070199,0.17285647305838392,2300939.4942872087,0.5708504161861833,0.9324747119623635,2762.920635433647,256603.5249343832,0.9235022052744462,0.12498651030963714,13.659467265588125,32.2120676488938,8.046387192060795,36.0,0.8626719998149258,0.952965237682724,0.007057368469954984,0.005006459817494109,0.412228588278838,0.39647189690059254,0.011904762126505375,0.5346622889571084,0.7755464594573604,0.7513094663028425,4.748031496062992,0.10887939971810563,0.03647536629434489,0.6755677693159249,70.7024289629278,0.17285647305838392,0.5585856016070199,2300939.4942872087,0.005545207233903954,0.0627450942993164,0.08373630236042297,1.0,0.0,0.0,0.15891182700221723,0.15891182700221723,0.0,0.10928834605170047,0.0365619686410183,0.031103619210558927,0.0,0.20669102968627445,0.0,0.0,0.05073420408647697,0.0,0.0,0.05073420408647697,0.0,0.0,nan,nan,nan,nan,0.5242030337329037,0.5743173749519355,0.05011434132607916,5.971381415761778,5.572584241373124,3.9703694127571736,3.9623883873041765,nan,nan,nan,nan,0.0,0.0,0.25,0.25,16771.136482939633,44.47244094488189,44.33727034120735,0.9957918337307562,0.00288662834528467,44.47244094488189,4201.262467191601,64.64041994750656,62.36745406824147,0.963813288738589,0.015645426230598777,64.64041994750656,1053.2257217847769,76.99475065616798,69.3766404199475,0.8992905905788259,0.06668186447452085,76.99475065616798,6.664684772491455,-1.0,prebaked,fixed_topk,16,64,0.6864197850227356,0.8047109842300415,0.03083585947751999,"[10, 34, 37, 39, 40, 46, 47, 48, 49, 51, 52, 53, 54, 55, 61, 63]"
32,0.02240317208225548,0.020505074864458732,3.7690181481869516,0.554647008304208,0.17421668830506132,2252009.749698637,0.5702336458898334,0.9326464787790458,2764.4950544435733,256768.8530183727,0.9237309208327181,0.12518641709147593,13.658343753880496,32.21053668128065,8.06350065629543,36.0,0.8625125877114176,0.95077198280884,0.007093357823647344,0.005081131542223723,0.41421749028242794,0.39839933462577853,0.011904762126505375,0.5348648463968416,0.7744180984249642,0.7513545382967007,4.699475065616798,0.10886527260574769,0.03703942065300748,0.6902680181142852,70.85087437266753,0.17421668830506132,0.554647008304208,2252009.749698637,0.005549606208364403,0.0627450942993164,0.08391271288606908,1.0,0.0,0.0,0.15891711194519192,0.15891711194519192,0.0,0.10927364431575841,0.03655058779115752,0.031093231659001252,0.0,0.2106279426971485,0.0,0.0,0.050785593587011006,0.0,0.0,0.050785593587011006,0.0,0.0,nan,nan,nan,nan,0.5232519165985119,0.57379377762268,0.050541860928534486,5.973012834563133,5.572965336304845,3.9716507663668383,3.9633677445580218,nan,nan,nan,nan,0.0,0.0,0.25,0.25,16768.6062992126,44.699475065616795,44.55380577427822,0.9886894783743955,0.0028687393366447944,44.699475065616795,4200.774278215223,64.44881889763779,62.196850393700785,0.9640220503338299,0.01556280269228811,64.44881889763779,1053.1364829396325,76.99606299212599,69.37139107611549,0.8996044197182965,0.06664479798138556,76.99606299212599,3.397867202758789,-1.0,prebaked,fixed_topk,16,64,0.6864197850227356,0.8047109842300415,0.03083585947751999,"[10, 34, 37, 39, 40, 46, 47, 48, 49, 51, 52, 53, 54, 55, 61, 63]"
33,0.02243472945086873,0.020550046453443098,3.762085372694521,0.5570959841094305,0.1739281832076746,2156026.710687515,0.5708661242498189,0.9326827288821188,2766.884094758923,256454.23359580053,0.9237072557367362,0.12519062593602595,13.656208511103435,32.20479291623911,8.04477554081565,36.0,0.8625378011280925,0.9517295171928161,0.0070172269483954886,0.00493019184780862,0.41201328892955,0.39664589451366833,0.011904762126505375,0.5346425063189075,0.7727292152834743,0.7500961990876206,4.7204724409448815,0.10909446764962254,0.0374496539644017,0.6958176664167189,70.73603105920506,0.1739281832076746,0.5570959841094305,2156026.710687515,0.0055639233856933715,0.0627450942993164,0.08416259687227684,1.0,0.0,0.0,0.15892607999919206,0.15892607999919206,0.0,0.10950235965761926,0.036637361608738976,0.03117348686388628,0.0,0.212224298776357,0.0,0.0,0.05080837620297309,0.0,0.0,0.05080837620297309,0.0,0.0,nan,nan,nan,nan,0.5239068516746022,0.5743321422243056,0.05042529124963412,5.970174433678154,5.568450274221335,3.9715956982978073,3.963552054614218,nan,nan,nan,nan,0.0,0.0,0.25,0.25,16803.404199475066,44.541994750656166,44.40288713910761,0.9925642334976011,0.0028302710281502995,44.541994750656166,4209.291338582677,64.44356955380577,62.21916010498688,0.9631137318389382,0.015424326214908128,64.44356955380577,1055.1128608923884,77.07349081364829,69.49212598425197,0.8995105862419102,0.06652440282410985,77.07349081364829,20.541736602783203,-1.0,prebaked,fixed_topk,16,64,0.6864197850227356,0.8047109842300415,0.03083585947751999,"[10, 34, 37, 39, 40, 46, 47, 48, 49, 51, 52, 53, 54, 55, 61, 63]"
34,0.02235171080657386,0.020450271083056693,3.760458425586931,0.5576651288377331,0.17461132674705326,2199283.1477304436,0.5711326167567561,0.9326559262690792,2770.121391209612,256896.76377952757,0.9236234382955216,0.12475861298720851,13.652369818408731,32.200881553963576,8.04493218682721,36.0,0.862951492443451,0.9526607252075702,0.00700811398328035,0.004936455054952044,0.4107459521708213,0.39547652880272527,0.011904762126505375,0.5349011992360307,0.7740057374978248,0.7512536878821271,4.725721784776903,0.10897281056079339,0.03667882443686796,0.6847683813941134,70.71118816866337,0.17461132674705326,0.5576651288377331,2199283.1477304436,0.0055523013067859525,0.0627450942993164,0.08390321286292526,1.0,0.0,0.0,0.15891270417603692,0.15891270417603692,0.0,0.10938090979661841,0.036591981681860654,0.03112548891836264,0.0,0.20896832689003375,0.0,0.0,0.050768503423007066,0.0,0.0,0.050768503423007066,0.0,0.0,nan,nan,nan,nan,0.5241972172758295,0.5746408189245196,0.050443602523817244,5.970539199294278,5.570787849493024,3.9750920483029337,3.966557856515531,nan,nan,nan,nan,0.0,0.0,0.25,0.25,16787.104986876642,44.60629921259842,44.485564304461946,0.9935510473725202,0.0028181209037083047,44.60629921259842,4205.535433070866,64.52362204724409,62.313648293963254,0.965368740203935,0.015398630863788837,64.52362204724409,1054.246719160105,77.0262467191601,69.41863517060368,0.8990623880462542,0.06623779291026109,77.0262467191601,5.831913471221924,-1.0,prebaked,fixed_topk,16,64,0.6864197850227356,0.8047109842300415,0.03083585947751999,"[10, 34, 37, 39, 40, 46, 47, 48, 49, 51, 52, 53, 54, 55, 61, 63]"
35,0.022448510468724793,0.020547084359383686,3.74817071248853,0.561539147039411,0.1757139950169353,2142780.3622753317,0.5724524907826437,0.9326860876273195,2762.819223505724,256656.34908136484,0.9234516703159483,0.12474325735690514,13.641082719372449,32.1817984564002,8.038368992810685,36.0,0.8629950029765044,0.9525686749913762,0.007104774218375289,0.0050832077793725354,0.41436561936233923,0.39870700670352444,0.011904762126505375,0.5353377689932778,0.7751955160447549,0.7518405287990951,4.708661417322834,0.10886827975589772,0.03714717724886075,0.6915293503308234,70.51086760193031,0.1757139950169353,0.561539147039411,2142780.3622753317,0.005552491442033938,0.0627450942993164,0.08399196337722731,1.0,0.0,0.0,0.1589088125203387,0.1589088125203387,0.0,0.10927592605117738,0.03655376447623796,0.03109637629778523,0.0,0.21107118026072882,0.0,0.0,0.050806639042333686,0.0,0.0,0.050806639042333686,0.0,0.0,nan,nan,nan,nan,0.5250900447766248,0.5759498920301444,0.05085984644390823,5.967011376524432,5.565269698412506,3.971122248592027,3.9631223965921816,nan,nan,nan,nan,0.0,0.0,0.25,0.25,16769.09711286089,44.55643044619423,44.40944881889764,0.9936323703464155,0.0028246108069504526,44.55643044619423,4200.774278215223,64.53412073490814,62.34251968503937,0.9643696584855765,0.015525735725375937,64.53412073490814,1053.254593175853,77.05643044619423,69.44225721784777,0.8997039961421375,0.06671416133659802,77.05643044619423,4.9055562019348145,-1.0,prebaked,fixed_topk,16,64,0.6864197850227356,0.8047109842300415,0.03083585947751999,"[10, 34, 37, 39, 40, 46, 47, 48, 49, 51, 52, 53, 54, 55, 61, 63]"
36,0.022441926991611016,0.020523013511618837,3.7616145491912922,0.5664689788237958,0.17311612145090355,2142000.7211956247,0.5708524864867711,0.9324005392566658,2764.307066749715,256689.45406824147,0.9236946095788264,0.12477004335317615,13.666814523960408,32.22261372843705,8.036566861699619,36.0,0.8630095225139264,0.9517806058046512,0.00707880905071601,0.005044885697409302,0.41411559735461484,0.3987316230111548,0.011904762126505375,0.53386051456996,0.7752076285248289,0.7510741748761033,4.698162729658793,0.10889027453470104,0.03648295666866024,0.6807548378709107,70.7676758753659,0.17311612145090355,0.5664689788237958,2142000.7211956247,0.00554769283546785,0.0627450942993164,0.08382592932504462,1.0,0.0,0.0,0.15891248040273628,0.15891248040273628,0.0,0.10929890264441648,0.03656049161719212,0.03110235814112691,0.0,0.20806296088292348,0.0,0.0,0.05075880146482427,0.0,0.0,0.05075880146482427,0.0,0.0,nan,nan,nan,nan,0.5234303081331549,0.5743728018840832,0.050942493903392214,5.971235924088318,5.5681915352037885,3.9739707536271878,3.9657338868601735,nan,nan,nan,nan,0.0,0.0,0.25,0.25,16772.63779527559,44.51706036745407,44.371391076115486,0.9905470200890913,0.0028233929249355362,44.51706036745407,4201.797900262467,64.51181102362204,62.26902887139108,0.9651221307277398,0.015471561822124622,64.51181102362204,1053.3123359580052,77.0485564304462,69.43963254593176,0.8996726665971209,0.06670101232452263,77.0485564304462,8.537535667419434,-1.0,prebaked,fixed_topk,16,64,0.6864197850227356,0.8047109842300415,0.03083585947751999,"[10, 34, 37, 39, 40, 46, 47, 48, 49, 51, 52, 53, 54, 55, 61, 63]"
37,0.022423925126347877,0.020529715898581182,3.7506810880395682,0.5582367490361057,0.17442452199659322,2129867.380712939,0.5718924976748433,0.932462906561081,2764.645907451266,256576.95800524935,0.9235959982830292,0.12513331670420613,13.669205903091502,32.2237797155229,8.048969006705235,36.0,0.8625733682365752,0.9518389113009456,0.007139197435215351,0.005122375223169035,0.4144714764683578,0.39857870805764134,0.011904762126505375,0.5343370148575831,0.7746415706756232,0.7515871558900988,4.694225721784777,0.10897168021385126,0.037191704702698024,0.6946469063521057,70.53770360671317,0.17442452199659322,0.5582367490361057,2129867.380712939,0.0055560755379634895,0.0627450942993164,0.08402687509659082,1.0,0.0,0.0,0.158904056579111,0.158904056579111,0.0,0.10938005737002128,0.03659572683059637,0.031127854243038208,0.0,0.21191678844244424,0.0,0.0,0.0508006758786422,0.0,0.0,0.0508006758786422,0.0,0.0,nan,nan,nan,nan,0.5246763235497455,0.5753396756992676,0.05066335268162137,5.9659843750408825,5.562570601727809,3.9718643524932538,3.963547531544695,nan,nan,nan,nan,0.0,0.0,0.25,0.25,16786.383202099736,44.47769028871391,44.35301837270341,0.99141589140232,0.002802011327050184,44.47769028871391,4204.85564304462,64.58661417322834,62.38845144356955,0.9650633695596622,0.015480741334452383,64.58661417322834,1054.0892388451443,77.06955380577428,69.4750656167979,0.8990374729408525,0.06656138186565307,77.06955380577428,4.797986030578613,-1.0,prebaked,fixed_topk,16,64,0.6864197850227356,0.8047109842300415,0.03083585947751999,"[10, 34, 37, 39, 40, 46, 47, 48, 49, 51, 52, 53, 54, 55, 61, 63]"
38,0.02252865152365071,0.020610874552973925,3.761984301364328,0.5519099906282475,0.17496167983752223,2250341.845738041,0.5708177720187579,0.9326167299704711,2761.4351531635343,256727.3779527559,0.9236197222874863,0.12502222610410713,13.647347496492566,32.189959484965485,8.027238704813307,36.0,0.8626351495021034,0.9524824039369054,0.007008864909161147,0.004923299663538832,0.4132018357984663,0.39788684999848917,0.011904762126505375,0.5349315409732015,0.7757666749217103,0.7533547924086565,4.699475065616798,0.1087545530572338,0.036454834090423556,0.6822436481636027,70.71373897962995,0.17496167983752223,0.5519099906282475,2250341.845738041,0.005539737804365049,0.0627450942993164,0.08368342637213978,1.0,0.0,0.0,0.15893118544131513,0.15893118544131513,0.0,0.10916239179651255,0.03650929598905283,0.031068758716381442,0.0,0.2082946796239767,0.0,0.0,0.05074844354177714,0.0,0.0,0.05074844354177714,0.0,0.0,nan,nan,nan,nan,0.5235907515626613,0.5742879908659017,0.050697239782230466,5.971574281770103,5.5697610376179485,3.9702833291218163,3.9624013733363204,nan,nan,nan,nan,0.0,0.0,0.25,0.25,16749.524934383204,44.509186351706035,44.3753280839895,0.9937993795794088,0.002850727155358857,44.509186351706035,4196.002624671916,64.50393700787401,62.300524934383205,0.9641690553679224,0.015604781616554477,64.50393700787401,1051.9186351706037,77.05118110236221,69.43700787401575,0.8994787768633875,0.06657879544024758,77.05118110236221,7.639980792999268,-1.0,prebaked,fixed_topk,16,64,0.6864197850227356,0.8047109842300415,0.03083585947751999,"[10, 34, 37, 39, 40, 46, 47, 48, 49, 51, 52, 53, 54, 55, 61, 63]"
39,0.022429614566789643,0.02051087007662306,3.7551737782836274,0.5648903738795303,0.17520969445154735,2223487.886361054,0.5715317910346458,0.9324596868542757,2764.124881961317,256706.93175853018,0.9236396205915447,0.12509292183829862,13.647394570562058,32.19327447427332,8.021178875016727,36.0,0.8626270481065047,0.9529475924119722,0.00701917001056018,0.004948144427377222,0.4145331331125395,0.3992166578613241,0.011904762126505375,0.5351834544682887,0.775124951287965,0.7521264942790887,4.706036745406824,0.10888254210313787,0.03657536987665053,0.6828820987010565,70.65029197352452,0.17520969445154735,0.5648903738795303,2223487.886361054,0.005546896910940216,0.0627450942993164,0.08381631421878583,1.0,0.0,0.0,0.1589070113687531,0.1589070113687531,0.0,0.1092917813657932,0.036554591666682186,0.031097971983351732,0.0,0.208675873124665,0.0,0.0,0.05075478280129756,0.0,0.0,0.05075478280129756,0.0,0.0,nan,nan,nan,nan,0.524244476341148,0.5750263067694056,0.050781829863801385,5.970892025312619,5.567890708632146,3.9742072043143546,3.9662725267343526,nan,nan,nan,nan,0.0,0.0,0.25,0.25,16772.265091863515,44.54330708661417,44.39501312335958,0.9962765492561126,0.0027971742833254134,44.54330708661417,4201.6010498687665,64.52099737532808,62.27165354330709,0.9631951472509702,0.015499720397318955,64.52099737532808,1053.4960629921259,77.01181102362204,69.38582677165354,0.8993710807288371,0.06655009460188692,77.01181102362204,5.33988618850708,-1.0,prebaked,fixed_topk,16,64,0.6864197850227356,0.8047109842300415,0.03083585947751999,"[10, 34, 37, 39, 40, 46, 47, 48, 49, 51, 52, 53, 54, 55, 61, 63]"
40,0.02230143283061155,0.02042162286611445,3.7631016353296793,0.5484028199682711,0.17360679453282846,2181899.6176252095,0.5710314829114332,0.9329400921952601,2766.872367451719,256520.30446194226,0.9236076006687013,0.12516013264424888,13.658916741340557,32.20805911955406,8.053572198398166,36.0,0.862598105972963,0.9519003213977547,0.00708433236679908,0.005039226804349894,0.4128172507905585,0.3970648731811466,0.011904762126505375,0.5344347106444886,0.7732155866608705,0.7506459742774761,4.673228346456693,0.10917322932109433,0.037335697292616675,0.694762702376198,70.71453954541464,0.17360679453282846,0.5484028199682711,2181899.6176252095,0.0055665696666788635,0.0627450942993164,0.08419969586992827,1.0,0.0,0.0,0.15890688046139648,0.15890688046139648,0.0,0.1095821948775782,0.036637705640764684,0.03117788975124597,0.0,0.21207976273253606,0.0,0.0,0.05079797400696512,0.0,0.0,0.05079797400696512,0.0,0.0,nan,nan,nan,nan,0.5239362166974493,0.5745371506335121,0.05060093416190473,5.968203814010918,5.5668012260452,3.973978803956705,3.96528804041478,nan,nan,nan,nan,0.0,0.0,0.25,0.25,16813.51443569554,44.47244094488189,44.33202099737533,0.9915944654153108,0.0028172590222998537,44.47244094488189,4211.797900262467,64.61417322834646,62.40551181102362,0.964037486343561,0.015510993661525155,64.61417322834646,1055.9317585301837,76.96456692913385,69.37926509186352,0.9000690124343937,0.06637371999836109,76.96456692913385,8.160862922668457,-1.0,prebaked,fixed_topk,16,64,0.6864197850227356,0.8047109842300415,0.03083585947751999,"[10, 34, 37, 39, 40, 46, 47, 48, 49, 51, 52, 53, 54, 55, 61, 63]"
