epoch,align_clean_topk,align_adv_topk,target_prob_clean_mean,target_prob_adv_mean,overlap_clean_mean,overlap_adv_mean,shape_loss,preserve_loss,cls_aux_loss,gate_positive_ratio,perturbed_area_ratio_mean,L_induce,L_tv,L_budget,L_total,mean_abs_delta,max_abs_delta,saturation_ratio,grad_norm_fourier,grad_norm_suppress
1,0.034215548168380225,0.034216065856954817,0.0,0.0,0.0,0.0,0.0,0.0,0.0,0.011904762126505375,0.0,5.176885745912323e-07,0.0,0.0,0.0,0.00027952819739752424,0.02234286442399025,0.0,0.041450344026088715,0.01038132794201374
2,0.03358046722193663,0.033004053512402855,0.0,0.0,0.0,0.0,0.0,0.0,0.0,0.011904762126505375,0.0,-0.0005764137095337763,0.0,0.029700120940258364,0.0,0.0013731421272853068,0.0627450942993164,0.0004961706016768096,0.031910259276628494,0.00579926697537303
3,0.0337486478612217,0.030735163910421713,0.0,0.0,0.0,0.0,0.0,0.0,0.0,0.011904762126505375,0.0,-0.0030134839507999843,0.0,0.23933603907130777,0.0,0.004996917088618453,0.0627450942993164,0.019147355716519487,0.047017987817525864,0.01082594133913517
4,0.03397600459549283,0.030396823288570525,0.0,0.0,0.0,0.0,0.0,0.0,0.0,0.011904762126505375,0.0,-0.0035791813069223108,0.0,0.3161404817828333,0.0,0.005962681205679921,0.0627450942993164,0.03791262319613814,0.0035809471737593412,0.012697574682533741
5,0.03365853995435837,0.0297448694686459,0.0,0.0,0.0,0.0,0.0,0.0,0.0,0.011904762126505375,0.0,-0.00391367048571247,0.0,0.34000961693169557,0.0,0.006311342339592142,0.0627450942993164,0.04402518005193216,0.10450165718793869,0.038483235985040665
6,0.034034189080614695,0.02998456066835145,0.0,0.0,0.0,0.0,0.0,0.0,0.0,0.011904762126505375,0.0,-0.004049628412263244,0.0,0.340569126980467,0.0,0.006475314580840278,0.0627450942993164,0.04468930011410364,0.04431263357400894,0.029711920768022537
7,0.03407797252476527,0.02982080744394145,0.0,0.0,0.0,0.0,0.0,0.0,0.0,0.011904762126505375,0.0,-0.004257165080823824,0.0,0.3208119204531165,0.0,0.0065730187642090605,0.0627450942993164,0.04153560534002581,0.010642261244356632,0.015039348974823952
8,0.03477895020931491,0.030005994247984513,0.0,0.0,0.0,0.0,0.0,0.0,0.0,0.011904762126505375,0.0,-0.004772955961330399,0.0,0.2681012024118014,0.0,0.006673080346873761,0.0627450942993164,0.033334635441918024,0.048529818654060364,0.017858318984508514
9,0.03411946240910061,0.02972905674744495,0.0,0.0,0.0,0.0,0.0,0.0,0.0,0.011904762126505375,0.0,-0.004390405661655658,0.0,0.22697538106229292,0.0,0.0067355195718637,0.0627450942993164,0.029045673828396498,0.007917177863419056,0.007002550642937422
10,0.034274394116827644,0.02994562615274759,0.0,0.0,0.0,0.0,0.0,0.0,0.0,0.011904762126505375,0.0,-0.004328767964080054,0.0,0.21399416255701276,0.0,0.006788888960803679,0.0627450942993164,0.02914446715207,0.01767847128212452,0.019120657816529274
11,0.033774616752619516,0.029333550458608186,0.0,0.0,0.0,0.0,0.0,0.0,0.0,0.011904762126505375,0.0,-0.004441066294011333,0.0,0.2128379181105429,0.0,0.006810078279149392,0.0627450942993164,0.02980384801109736,0.015912115573883057,0.017962448298931122
12,0.03387998126895796,0.02930571671321754,0.0,0.0,0.0,0.0,0.0,0.0,0.0,0.011904762126505375,0.0,-0.004574264555740419,0.0,0.21399668670449581,0.0,0.006825595040908034,0.0627450942993164,0.030412519019077586,0.007554137613624334,0.006280870176851749
13,0.03360833351973308,0.029297753281072172,0.0,0.0,0.0,0.0,0.0,0.0,0.0,0.011904762126505375,0.0,-0.004310580238660905,0.0,0.21475444148972397,0.0,0.006841299331293524,0.0627450942993164,0.030906346650959933,0.0037855154369026423,0.014409699477255344
14,0.03445780009070304,0.029694063198894106,0.0,0.0,0.0,0.0,0.0,0.0,0.0,0.011904762126505375,0.0,-0.004763736891808934,0.0,0.21565199304001495,0.0,0.0068466415024162584,0.0627450942993164,0.03127466148028823,0.020344432443380356,0.013976681046187878
15,0.03396508626210752,0.02964814067745084,0.0,0.0,0.0,0.0,0.0,0.0,0.0,0.011904762126505375,0.0,-0.004316945584656681,0.0,0.21654995246083325,0.0,0.006860107268787023,0.0627450942993164,0.03166197336898112,0.0067040156573057175,0.01132922898977995
16,0.034405161290190604,0.02961199906659532,0.0,0.0,0.0,0.0,0.0,0.0,0.0,0.011904762126505375,0.0,-0.004793162223595287,0.0,0.2169598139705458,0.0,0.006868724572272357,0.0627450942993164,0.03199590976637696,0.01058940403163433,0.011117049492895603
17,0.03409868235460907,0.029424021176564757,0.0,0.0,0.0,0.0,0.0,0.0,0.0,0.011904762126505375,0.0,-0.004674661178044312,0.0,0.21758144735041712,0.0,0.006876349546678403,0.0627450942993164,0.032273753229236105,0.014846147038042545,0.013182051479816437
18,0.03324373532086611,0.028750946628251624,0.0,0.0,0.0,0.0,0.0,0.0,0.0,0.011904762126505375,0.0,-0.004492788692614483,0.0,0.21774889442933168,0.0,0.0068720217077402855,0.0627450942993164,0.03245199644323731,0.006377232261002064,0.010651763528585434
19,0.034123873669673635,0.029426043858039753,0.0,0.0,0.0,0.0,0.0,0.0,0.0,0.011904762126505375,0.0,-0.004697829811633881,0.0,0.21826023378297296,0.0,0.006878331603472614,0.0627450942993164,0.032597370465232436,0.00955508928745985,0.011511757038533688
20,0.033055030921210794,0.028783321312350754,0.0,0.0,0.0,0.0,0.0,0.0,0.0,0.011904762126505375,0.0,-0.004271709608860041,0.0,0.2183176450704405,0.0,0.006880101811199288,0.0627450942993164,0.03271399059025717,0.016817573457956314,0.011852486059069633
21,0.035064746377043696,0.03021646361232428,0.0,0.0,0.0,0.0,0.0,0.0,0.0,0.011904762126505375,0.0,-0.004848282764719419,0.0,0.218655784872814,0.0,0.006883052933512558,0.0627450942993164,0.0328242322478775,0.017922839149832726,0.010785534977912903
22,0.03432394314498802,0.02981845168055508,0.0,0.0,0.0,0.0,0.0,0.0,0.0,0.011904762126505375,0.0,-0.0045054914644329334,0.0,0.21862462319004597,0.0,0.0068831970520239535,0.0627450942993164,0.032897874566662995,0.01619112119078636,0.00756626995280385
23,0.03404876804808203,0.029416510567108062,0.0,0.0,0.0,0.0,0.0,0.0,0.0,0.011904762126505375,0.0,-0.004632257480973972,0.0,0.21854959826194803,0.0,0.006884956222846714,0.0627450942993164,0.03297696439110484,0.011079483665525913,0.0106424018740654
24,0.035254742530862075,0.030503539436774727,0.0,0.0,0.0,0.0,0.0,0.0,0.0,0.011904762126505375,0.0,-0.004751203094087346,0.0,0.21882683803273745,0.0,0.00689128765114705,0.0627450942993164,0.033034562625732095,0.02258705534040928,0.02153864875435829
25,0.033834285102784634,0.02921512534266523,0.0,0.0,0.0,0.0,0.0,0.0,0.0,0.011904762126505375,0.0,-0.0046191597601194035,0.0,0.21863881518079348,0.0,0.00689738615372106,0.0627450942993164,0.03309876288418995,0.019401846453547478,0.018122510984539986
26,0.03425600366540136,0.029625265069149864,0.0,0.0,0.0,0.0,0.0,0.0,0.0,0.011904762126505375,0.0,-0.0046307385962514975,0.0,0.2188978529101267,0.0,0.006890227974280325,0.0627450942993164,0.033090280934544136,0.008316933177411556,0.016385354101657867
27,0.0334931073798091,0.028918544020679296,0.0,0.0,0.0,0.0,0.0,0.0,0.0,0.011904762126505375,0.0,-0.004574563359129803,0.0,0.21907479928426093,0.0,0.006891690762664791,0.0627450942993164,0.033107140320913955,0.009534207172691822,0.012287216261029243
28,0.03358060179073461,0.02888220815836447,0.0,0.0,0.0,0.0,0.0,0.0,0.0,0.011904762126505375,0.0,-0.00469839363237014,0.0,0.21889710207884225,0.0,0.006890098808128484,0.0627450942993164,0.03310994784401349,0.009473984129726887,0.008549176156520844
29,0.033295880027934516,0.028850083736732056,0.0,0.0,0.0,0.0,0.0,0.0,0.0,0.011904762126505375,0.0,-0.0044457962912024624,0.0,0.2188536115965918,0.0,0.0068891572726997715,0.0627450942993164,0.03311776540471309,0.00949212908744812,0.008948701433837414
30,0.034368621243934354,0.029505701223632115,0.0,0.0,0.0,0.0,0.0,0.0,0.0,0.011904762126505375,0.0,-0.0048629200203022405,0.0,0.2191999123982734,0.0,0.006894184305717808,0.0627450942993164,0.033139935192403366,0.010981099680066109,0.013737828470766544
